MATNR;MAKTX;MEINS;MATKL;WERKS
000000000040001001;Aluminium alloy A380 ingot;KG;RM-NF;1000
000000000040001002;Aluminium 6061-T6 sheet 2.0mm;KG;RM-NF;1000
000000000040002001;Steel hot-rolled coil S355;KG;RM-FE;1000
000000000040002002;Steel cold-rolled coil DC04;KG;RM-FE;1000
000000000040003001;Copper wire rod 8mm ETP;KG;RM-NF;1000
000000000040004001;Zinc special high grade;KG;RM-NF;1000
000000000040005001;Polyamide 66 GF30 granulate;KG;RM-POLY;1000
000000000040006001;Natural rubber SMR20;KG;RM-ELAST;1000
000000000040001003;ALU A380 INGOT (OBSOLETE);KG;RM-NF;1000
