EBELN;EBELP;MATNR;LIFNR;MENGE;MEINS;NETPR;PEINH;WAERS;BEDAT;WERKS
4500010001;10;000000000040001001;0000100101;49000;KG;2.85;1;EUR;20250102;1000
4500010002;10;000000000040001001;0000100102;13560;KG;3050.00;1000;USD;20250126;1000
4500010003;10;000000000040001002;0000100103;124230;KG;4.40;1;EUR;20250105;1000
4500010004;10;000000000040001002;0000100103;124850;KG;4400.00;1000;EUR;20250110;1000
4500010005;10;000000000040002001;0000100104;44330;KG;690.00;1000;EUR;20250115;1000
4500010006;10;000000000040002001;0000100104;48310;KG;690.00;1000;EUR;20250122;1000
4500010007;10;000000000040002001;0000100104;84400;KG;690.00;1000;EUR;20250108;1000
4500010008;10;000000000040002002;0000100104;79170;KG;785.00;1000;EUR;20250113;1000
4500010009;10;000000000040002002;0000100104;55960;KG;785.00;1000;EUR;20250126;1000
4500010010;10;000000000040002002;0000100104;87650;KG;785.00;1000;EUR;20250123;1000
4500010011;10;000000000040003001;0000100105;60120;KG;39.64;1;PLN;20250102;1000
4500010012;10;000000000040003001;0000100105;47400;KG;39.56;1;PLN;20250126;1000
4500010013;10;000000000040005001;0000100106;21730;KG;3950.00;1000;EUR;20250102;1000
4500010014;10;000000000040005001;0000100106;12680;KG;3.95;1;EUR;20250120;1000
4500010015;10;000000000040006001;0000100107;3160;KG;2.10;1;USD;20250121;1000
4500010016;10;000000000040006001;0000100107;2800;KG;2.10;1;USD;20250125;1000
4500010017;10;000000000040004001;0000100108;2030;KG;3.30;1;EUR;20250125;1000
4500010018;10;000000000040004001;0000100108;1420;KG;3300.00;1000;EUR;20250115;1000
4500010019;10;000000000040004001;0000100108;2150;KG;3.30;1;EUR;20250106;1000
4500010020;10;000000000040001001;0000100101;54770;KG;2850.00;1000;EUR;20250213;1000
4500010021;10;000000000040001001;0000100101;44590;KG;2850.00;1000;EUR;20250209;1000
4500010022;10;000000000040001001;0000100101;57810;KG;2850.00;1000;EUR;20250209;1000
4500010023;10;000000000040001001;0000100102;19460;KG;3050.00;1000;USD;20250205;1000
4500010024;10;000000000040001001;0000100102;22380;KG;3050.00;1000;USD;20250220;1000
4500010025;10;000000000040001002;0000100103;118350;KG;4.40;1;EUR;20250222;1000
4500010026;10;000000000040001002;0000100103;133460;KG;4.40;1;EUR;20250218;1000
4500010027;10;000000000040001002;0000100103;132950;KG;4.40;1;EUR;20250211;1000
4500010028;10;000000000040002001;0000100104;72000;KG;690.00;1000;EUR;20250226;1000
4500010029;10;000000000040002002;0000100104;51530;KG;785.00;1000;EUR;20250218;1000
4500010030;10;000000000040002002;0000100104;72930;KG;785.00;1000;EUR;20250203;1000
4500010031;10;000000000040002002;0000100104;62300;KG;785.00;1000;EUR;20250207;1000
4500010032;10;000000000040003001;0000100105;45080;KG;39794.26;1000;PLN;20250212;1000
4500010033;10;000000000040003001;0000100105;70850;KG;39.91;1;PLN;20250220;1000
4500010034;10;000000000040003001;0000100105;72780;KG;39.89;1;PLN;20250225;1000
4500010035;10;000000000040005001;0000100106;10950;KG;3.95;1;EUR;20250212;1000
4500010036;10;000000000040006001;0000100107;2730;KG;2100.00;1000;USD;20250220;1000
4500010037;10;000000000040006001;0000100107;1580;KG;2.10;1;USD;20250211;1000
4500010038;10;000000000040006001;0000100107;3090;KG;2.10;1;USD;20250204;1000
4500010039;10;000000000040004001;0000100108;2210;KG;3.13;1;EUR;20250201;1000
4500010040;10;000000000040004001;0000100108;2360;KG;3.13;1;EUR;20250212;1000
4500010041;10;000000000040004001;0000100108;1890;KG;3127.44;1000;EUR;20250216;1000
4500010042;10;000000000040001001;0000100101;40840;KG;2850.00;1000;EUR;20250317;1000
4500010043;10;000000000040001001;0000100101;36660;KG;2.85;1;EUR;20250325;1000
4500010044;10;000000000040001001;0000100101;32820;KG;2850.00;1000;EUR;20250303;1000
4500010045;10;000000000040001001;0000100102;20310;KG;3.05;1;USD;20250322;1000
4500010046;10;000000000040001001;0000100102;11390;KG;3.05;1;USD;20250318;1000
4500010047;10;000000000040001001;0000100102;21720;KG;3.05;1;USD;20250324;1000
4500010048;10;000000000040001002;0000100103;135790;KG;4.40;1;EUR;20250303;1000
4500010049;10;000000000040001002;0000100103;78330;KG;4.40;1;EUR;20250315;1000
4500010050;10;000000000040001002;0000100103;68280;KG;4400.00;1000;EUR;20250303;1000
4500010051;10;000000000040002001;0000100104;74120;KG;690.00;1000;EUR;20250319;1000
4500010052;10;000000000040002001;0000100104;89060;KG;690.00;1000;EUR;20250309;1000
4500010053;10;000000000040002002;0000100104;64490;KG;785.00;1000;EUR;20250321;1000
4500010054;10;000000000040002002;0000100104;65420;KG;785.00;1000;EUR;20250311;1000
4500010055;10;000000000040003001;0000100105;47480;KG;40.06;1;PLN;20250304;1000
4500010056;10;000000000040005001;0000100106;18620;KG;3.95;1;EUR;20250303;1000
4500010057;10;000000000040005001;0000100106;16920;KG;3.95;1;EUR;20250323;1000
4500010058;10;000000000040005001;0000100106;14030;KG;39500.00;1000;EUR;20250317;1000
4500010059;10;000000000040006001;0000100107;2100;KG;2100.00;1000;USD;20250303;1000
4500010060;10;000000000040006001;0000100107;3350;KG;2.10;1;USD;20250313;1000
4500010061;10;000000000040006001;0000100107;2820;KG;2100.00;1000;USD;20250316;1000
4500010062;10;000000000040004001;0000100108;1330;KG;3.01;1;EUR;20250313;1000
4500010063;10;000000000040001001;0000100101;45280;KG;2850.00;1000;EUR;20250421;1000
4500010064;10;000000000040001001;0000100101;61850;KG;2.85;1;EUR;20250426;1000
4500010065;10;000000000040001001;0000100101;60580;KG;2.85;1;EUR;20250401;1000
4500010066;10;000000000040001001;0000100102;11880;KG;3050.00;1000;USD;20250402;1000
4500010067;10;000000000040001001;0000100102;17960;KG;3.05;1;USD;20250418;1000
4500010068;10;000000000040001001;0000100102;11140;KG;3.05;1;USD;20250407;1000
4500010069;10;000000000040001002;0000100103;94800;KG;4.40;1;EUR;20250414;1000
4500010070;10;000000000040001002;0000100103;138790;KG;4400.00;1000;EUR;20250405;1000
4500010071;10;000000000040001002;0000100103;84130;KG;4400.00;1000;EUR;20250409;1000
4500010072;10;000000000040002001;0000100104;80520;KG;690.00;1000;EUR;20250419;1000
4500010073;10;000000000040002002;0000100104;90750;KG;785.00;1000;EUR;20250418;1000
4500010074;10;000000000040003001;0000100105;58110;KG;39497.82;1000;PLN;20250403;1000
4500010075;10;000000000040003001;0000100105;34060;KG;39492.22;1000;PLN;20250404;1000
4500010076;10;000000000040005001;0000100106;15670;KG;3.95;1;EUR;20250411;1000
4500010077;10;000000000040005001;0000100106;18000;KG;3950.00;1000;EUR;20250408;1000
4500010078;10;000000000040005001;0000100106;17350;KG;3.95;1;EUR;20250407;1000
4500010079;10;000000000040006001;0000100107;2160;KG;2.10;1;USD;20250422;1000
4500010080;10;000000000040006001;0000100107;2670;KG;2.10;1;USD;20250419;1000
4500010081;10;000000000040004001;0000100108;2560;KG;3132.31;1000;EUR;20250406;1000
4500010082;10;000000000040004001;0000100108;1490;KG;3.13;1;EUR;20250408;1000
4500010083;10;000000000040001001;0000100101;51400;KG;2850.00;1000;EUR;20250512;1000
4500010084;10;000000000040001001;0000100101;64260;KG;2.85;1;EUR;20250516;1000
4500010085;10;000000000040001001;0000100101;48050;KG;2.85;1;EUR;20250510;1000
4500010086;10;000000000040001001;0000100102;12340;KG;3050.00;1000;USD;20250520;1000
4500010087;10;000000000040001002;0000100103;139420;KG;4.40;1;EUR;20250505;1000
4500010088;10;000000000040001002;0000100103;82020;KG;4.40;1;EUR;20250524;1000
4500010089;10;000000000040002001;0000100104;83720;KG;690.00;1000;EUR;20250501;1000
4500010090;10;000000000040002002;0000100104;78290;KG;785.00;1000;EUR;20250519;1000
4500010091;10;000000000040002002;0000100104;75300;KG;785.00;1000;EUR;20250525;1000
4500010092;10;000000000040002002;0000100104;75940;KG;785.00;1000;EUR;20250502;1000
4500010093;10;000000000040003001;0000100105;42110;KG;39.56;1;PLN;20250518;1000
4500010094;10;000000000040003001;0000100105;63550;KG;39.44;1;PLN;20250512;1000
4500010095;10;000000000040003001;0000100105;68390;KG;39.22;1;PLN;20250519;1000
4500010096;10;000000000040005001;0000100106;11200;KG;3.95;1;EUR;20250517;1000
4500010097;10;000000000040005001;0000100106;14530;KG;3950.00;1000;EUR;20250517;1000
4500010098;10;000000000040006001;0000100107;3200;KG;2.10;1;USD;20250526;1000
4500010099;10;000000000040004001;0000100108;1370;KG;3300.00;1000;EUR;20250517;1000
4500010100;10;000000000040004001;0000100108;1360;KG;3.30;1;EUR;20250519;1000
4500010101;10;000000000040004001;0000100108;2110;KG;3.30;1;EUR;20250505;1000
4500010102;10;000000000040001001;0000100101;73200;KG;2850.00;1000;EUR;20250602;1000
4500010103;10;000000000040001001;0000100101;53630;KG;2850.00;1000;EUR;20250603;1000
4500010104;10;000000000040001001;0000100102;10570;KG;3.05;1;USD;20250607;1000
4500010105;10;000000000040001002;0000100103;98630;KG;4.40;1;EUR;20250615;1000
4500010106;10;000000000040001002;0000100103;68460;KG;4.40;1;EUR;20250621;1000
4500010107;10;000000000040002001;0000100104;97380;KG;690.00;1000;EUR;20250621;1000
4500010108;10;000000000040002001;0000100104;89510;KG;690.00;1000;EUR;20250624;1000
4500010109;10;000000000040002001;0000100104;57420;KG;690.00;1000;EUR;20250618;1000
4500010110;10;000000000040002002;0000100104;52350;KG;785.00;1000;EUR;20250621;1000
4500010111;10;000000000040002002;0000100104;63950;KG;785.00;1000;EUR;20250619;1000
4500010112;10;000000000040002002;0000100104;79520;KG;785.00;1000;EUR;20250603;1000
4500010113;10;000000000040003001;0000100105;41730;KG;39.56;1;PLN;20250608;1000
4500010114;10;000000000040003001;0000100105;45950;KG;39.76;1;PLN;20250612;1000
4500010115;10;000000000040003001;0000100105;51340;KG;39597.99;1000;PLN;20250620;1000
4500010116;10;000000000040005001;0000100106;15070;KG;3950.00;1000;EUR;20250608;1000
4500010117;10;000000000040006001;0000100107;2060;KG;2100.00;1000;USD;20250605;1000
4500010118;10;000000000040006001;0000100107;2220;KG;2.10;1;USD;20250623;1000
4500010119;10;000000000040006001;0000100107;2820;KG;2.10;1;USD;20250614;1000
4500010120;10;000000000040004001;0000100108;1300;KG;3.30;1;EUR;20250622;1000
4500010121;10;000000000040004001;0000100108;1440;KG;3.30;1;EUR;20250606;1000
4500010122;10;000000000040004001;0000100108;1740;KG;3300.00;1000;EUR;20250608;1000
4500010123;10;000000000040001001;0000100101;58170;KG;2.85;1;EUR;20250705;1000
4500010124;10;000000000040001001;0000100101;34200;KG;2850.00;1000;EUR;20250719;1000
4500010125;10;000000000040001001;0000100101;39710;KG;2.85;1;EUR;20250706;1000
4500010126;10;000000000040001001;0000100102;17990;KG;3.05;1;USD;20250719;1000
4500010127;10;000000000040001001;0000100102;21710;KG;3.05;1;USD;20250724;1000
4500010128;10;000000000040001002;0000100103;147100;KG;4.40;1;EUR;20250707;1000
4500010129;10;000000000040001002;0000100103;151040;KG;4400.00;1000;EUR;20250716;1000
4500010130;10;000000000040002001;0000100104;76550;KG;690.00;1000;EUR;20250726;1000
4500010131;10;000000000040002001;0000100104;75520;KG;690.00;1000;EUR;20250725;1000
4500010132;10;000000000040002002;0000100104;77820;KG;785.00;1000;EUR;20250717;1000
4500010133;10;000000000040003001;0000100105;38240;KG;39.67;1;PLN;20250722;1000
4500010134;10;000000000040003001;0000100105;50140;KG;39560.00;1000;PLN;20250719;1000
4500010135;10;000000000040005001;0000100106;14380;KG;3950.00;1000;EUR;20250704;1000
4500010136;10;000000000040005001;0000100106;16120;KG;3.95;1;EUR;20250717;1000
4500010137;10;000000000040006001;0000100107;2710;KG;2.10;1;USD;20250706;1000
4500010138;10;000000000040004001;0000100108;2020;KG;3.30;1;EUR;20250726;1000
4500010139;10;000000000040004001;0000100108;2250;KG;3.30;1;EUR;20250703;1000
4500010140;10;000000000040004001;0000100108;1320;KG;3.30;1;EUR;20250720;1000
4500010141;10;000000000040001001;0000100101;71370;KG;2.85;1;EUR;20250825;1000
4500010142;10;000000000040001001;0000100102;16960;KG;3.05;1;USD;20250812;1000
4500010143;10;000000000040001001;0000100102;19300;KG;3050.00;1000;USD;20250814;1000
4500010144;10;000000000040001002;0000100103;133430;KG;4.40;1;EUR;20250813;1000
4500010145;10;000000000040001002;0000100103;134730;KG;4.40;1;EUR;20250825;1000
4500010146;10;000000000040002001;0000100104;48040;KG;690.00;1000;EUR;20250805;1000
4500010147;10;000000000040002001;0000100104;56920;KG;690.00;1000;EUR;20250825;1000
4500010148;10;000000000040002001;0000100104;55680;KG;690.00;1000;EUR;20250803;1000
4500010149;10;000000000040002002;0000100104;76400;KG;785.00;1000;EUR;20250818;1000
4500010150;10;000000000040002002;0000100104;65660;KG;785.00;1000;EUR;20250807;1000
4500010151;10;000000000040003001;0000100105;60800;KG;39741.30;1000;PLN;20250826;1000
4500010152;10;000000000040005001;0000100106;10990;KG;3.95;1;EUR;20250801;1000
4500010153;10;000000000040005001;0000100106;12100;KG;3.95;1;EUR;20250826;1000
4500010154;10;000000000040005001;0000100106;14090;KG;3.95;1;EUR;20250805;1000
4500010155;10;000000000040006001;0000100107;2010;KG;2.10;1;USD;20250818;1000
4500010156;10;000000000040006001;0000100107;2230;KG;2.10;1;USD;20250809;1000
4500010157;10;000000000040006001;0000100107;2290;KG;2.10;1;USD;20250807;1000
4500010158;10;000000000040004001;0000100108;1850;KG;3.30;1;EUR;20250812;1000
4500010159;10;000000000040004001;0000100108;1850;KG;3.30;1;EUR;20250810;1000
4500010160;10;000000000040004001;0000100108;2290;KG;3.30;1;EUR;20250813;1000
4500010161;10;000000000040001001;0000100101;37660;KG;2.85;1;EUR;20250908;1000
4500010162;10;000000000040001001;0000100101;62800;KG;2850.00;1000;EUR;20250906;1000
4500010163;10;000000000040001001;0000100101;54530;KG;2.85;1;EUR;20250926;1000
4500010164;10;000000000040001001;0000100102;18190;KG;3.14;1;USD;20250922;1000
4500010165;10;000000000040001001;0000100102;12140;KG;3143.47;1000;USD;20250921;1000
4500010166;10;000000000040001001;0000100102;11210;KG;3.14;1;USD;20250905;1000
4500010167;10;000000000040001002;0000100103;102730;KG;4400.00;1000;EUR;20250903;1000
4500010168;10;000000000040001002;0000100103;97140;KG;4400.00;1000;EUR;20250920;1000
4500010169;10;000000000040001002;0000100103;98310;KG;4.40;1;EUR;20250913;1000
4500010170;10;000000000040002001;0000100104;58730;KG;690.00;1000;EUR;20250920;1000
4500010171;10;000000000040002001;0000100104;45760;KG;690.00;1000;EUR;20250925;1000
4500010172;10;000000000040002001;0000100104;88980;KG;690.00;1000;EUR;20250921;1000
4500010173;10;000000000040002002;0000100104;67380;KG;785.00;1000;EUR;20250907;1000
4500010174;10;000000000040002002;0000100104;90700;KG;785.00;1000;EUR;20250926;1000
4500010175;10;000000000040003001;0000100105;43170;KG;39.74;1;PLN;20250902;1000
4500010176;10;000000000040003001;0000100105;52520;KG;39658.76;1000;PLN;20250923;1000
4500010177;10;000000000040003001;0000100105;38310;KG;39.74;1;PLN;20250902;1000
4500010178;10;000000000040005001;0000100106;9500;KG;3950.00;1000;EUR;20250906;1000
4500010179;10;000000000040005001;0000100106;13000;KG;3.95;1;EUR;20250913;1000
4500010180;10;000000000040005001;0000100106;14510;KG;3950.00;1000;EUR;20250919;1000
4500010181;10;000000000040006001;0000100107;2970;KG;2.10;1;USD;20250903;1000
4500010182;10;000000000040004001;0000100108;1550;KG;3.30;1;EUR;20250918;1000
4500010183;10;000000000040004001;0000100108;1650;KG;3300.00;1000;EUR;20250909;1000
4500010184;10;000000000040004001;0000100108;2570;KG;3.30;1;EUR;20250915;1000
4500010185;10;000000000040001001;0000100101;32700;KG;2.85;1;EUR;20251006;1000
4500010186;10;000000000040001001;0000100101;37110;KG;2.85;1;EUR;20251003;1000
4500010187;10;000000000040001001;0000100101;47230;KG;2.85;1;EUR;20251004;1000
4500010188;10;000000000040001001;0000100102;21680;KG;3.05;1;USD;20251026;1000
4500010189;10;000000000040001001;0000100102;19260;KG;3.05;1;USD;20251013;1000
4500010190;10;000000000040001002;0000100103;130650;KG;4.40;1;EUR;20251025;1000
4500010191;10;000000000040002001;0000100104;93300;KG;690.00;1000;EUR;20251001;1000
4500010192;10;000000000040002001;0000100104;69810;KG;690.00;1000;EUR;20251009;1000
4500010193;10;000000000040002002;0000100104;64180;KG;785.00;1000;EUR;20251026;1000
4500010194;10;000000000040003001;0000100105;59450;KG;39.68;1;PLN;20251008;1000
4500010195;10;000000000040005001;0000100106;21600;KG;3.95;1;EUR;20251017;1000
4500010196;10;000000000040005001;0000100106;18380;KG;3950.00;1000;EUR;20251009;1000
4500010197;10;000000000040006001;0000100107;2300;KG;2.10;1;USD;20251024;1000
4500010198;10;000000000040004001;0000100108;1960;KG;3.30;1;EUR;20251006;1000
4500010199;10;000000000040001001;0000100101;41970;KG;2850.00;1000;EUR;20251119;1000
4500010200;10;000000000040001001;0000100101;73540;KG;2.85;1;EUR;20251122;1000
4500010201;10;000000000040001001;;16650;KG;3050.00;1000;USD;20251107;1000
4500010202;10;000000000040001002;0000100103;140640;KG;4400.00;1000;EUR;20251107;1000
4500010203;10;000000000040002001;0000100104;89890;KG;690.00;1000;EUR;20251112;1000
4500010204;10;000000000040002002;0000100104;86640;KG;785.00;1000;EUR;20251104;1000
4500010205;10;000000000040003001;0000100105;59410;KG;39.56;1;PLN;20251122;1000
4500010206;10;000000000040005001;0000100106;19180;KG;3.95;1;EUR;20251118;1000
4500010207;10;000000000040006001;0000100107;2240;KG;2.10;1;USD;20251111;1000
4500010208;10;000000000040006001;0000100107;3470;KG;2.10;1;USD;20251119;1000
4500010209;10;000000000040004001;0000100108;1400;KG;3.11;1;EUR;20251125;1000
4500010210;10;000000000040004001;0000100108;1550;KG;3.11;1;EUR;20251108;1000
4500010211;10;000000000040001001;0000100101;34850;KG;2.85;1;EUR;20251226;1000
4500010212;10;000000000040001001;0000100102;10430;KG;3.05;1;USD;20251212;1000
4500010213;10;000000000040001001;0000100102;19150;KG;3.05;1;USD;20251206;1000
4500010214;10;000000000040001001;0000100102;11600;KG;3.05;1;USD;20251217;1000
4500010215;10;000000000040001002;0000100103;65730;KG;4400.00;1000;EUR;20251222;1000
4500010216;10;000000000040001002;0000100103;115350;KG;4.40;1;EUR;20251211;1000
4500010217;10;000000000040001002;0000100103;139690;KG;4.40;1;EUR;20251206;1000
4500010218;10;000000000040002001;0000100104;57770;KG;690.00;1000;EUR;20251220;1000
4500010219;10;000000000040002002;0000100104;63240;KG;785.00;1000;EUR;20251216;1000
4500010220;10;000000000040002002;0000100104;66520;KG;785.00;1000;EUR;20251214;1000
4500010221;10;000000000040003001;0000100105;62590;KG;39.85;1;PLN;20251212;1000
4500010222;10;000000000040003001;0000100105;42900;KG;39.56;1;PLN;20251206;1000
4500010223;10;000000000040003001;0000100105;72050;KG;39739.10;1000;PLN;20251222;1000
4500010224;10;000000000040005001;0000100106;18630;KG;3950.00;1000;EUR;20251226;1000
4500010225;10;000000000040006001;0000100107;3210;KG;2100.00;1000;USD;20251207;1000
4500010226;10;000000000040006001;0000100107;3420;KG;2.10;1;USD;20251205;1000
4500010227;10;000000000040004001;0000100108;1390;KG;3300.00;1000;EUR;20251216;1000
4500010228;10;000000000040001001;0000100101;54900;KG;2.85;1;EUR;20260124;1000
4500010229;10;000000000040001001;0000100101;53590;KG;2.85;1;EUR;20260109;1000
4500010230;10;000000000040001001;0000100101;57110;KG;2850.00;1000;EUR;20260113;1000
4500010231;10;000000000040001001;0000100102;10800;KG;3.05;1;USD;20260109;1000
4500010232;10;000000000040001002;0000100103;73350;KG;4.40;1;EUR;20260124;1000
4500010233;10;000000000040001002;0000100103;96280;KG;4.40;1;EUR;20260118;1000
4500010234;10;000000000040001002;0000100103;135200;KG;4400.00;1000;EUR;20260112;1000
4500010235;10;000000000040002001;0000100104;62400;KG;690.00;1000;EUR;20260122;1000
4500010236;10;000000000040002002;0000100104;53770;KG;785.00;1000;EUR;20260119;1000
4500010237;10;000000000040002002;0000100104;79330;KG;785.00;1000;EUR;20260118;1000
4500010238;10;000000000040002002;0000100104;52390;KG;785.00;1000;EUR;20260125;1000
4500010239;10;000000000040003001;0000100105;46050;KG;37.03;1;PLN;20260122;1000
4500010240;10;000000000040003001;0000100105;63530;KG;37.22;1;PLN;20260115;1000
4500010241;10;000000000040005001;0000100106;17270;KG;3.95;1;EUR;20260115;1000
4500010242;10;000000000040005001;0000100106;11330;KG;3.95;1;EUR;20260106;1000
4500010243;10;000000000040006001;0000100107;2340;KG;2.10;1;USD;20260120;1000
4500010244;10;000000000040006001;0000100107;3200;KG;2100.00;1000;USD;20260103;1000
4500010245;10;000000000040004001;0000100108;1470;KG;3.30;1;EUR;20260111;1000
4500010246;10;000000000040004001;0000100108;2190;KG;3.30;1;EUR;20260120;1000
4500010247;10;000000000040001001;0000100101;70970;KG;2.85;1;EUR;20260225;1000
4500010248;10;000000000040001001;0000100101;48240;KG;2.85;1;EUR;20260219;1000
4500010249;10;000000000040001001;0000100102;15520;KG;3.05;1;USD;20260206;1000
4500010250;10;000000000040001001;0000100102;11670;KG;3.05;1;USD;20260208;1000
4500010251;10;000000000040001002;0000100103;125730;KG;4400.00;1000;EUR;20260203;1000
4500010252;10;000000000040001002;0000100103;99410;KG;4400.00;1000;EUR;20260204;1000
4500010253;10;000000000040001002;0000100103;141150;KG;4400.00;1000;EUR;20260218;1000
4500010254;10;000000000040002001;0000100104;72190;KG;690.00;1000;EUR;20260203;1000
4500010255;10;000000000040002001;0000100104;48390;KG;690.00;1000;EUR;20260220;1000
4500010256;10;000000000040002002;0000100104;47280;KG;785.00;1000;EUR;20260213;1000
4500010257;10;000000000040003001;0000100105;40810;KG;39526.03;1000;PLN;20260224;1000
4500010258;10;000000000040003001;0000100105;57350;KG;39.60;1;PLN;20260205;1000
4500010259;10;000000000040005001;0000100106;9860;KG;3.95;1;EUR;20260222;1000
4500010260;10;000000000040006001;0000100107;3230;KG;2.10;1;USD;20260215;1000
4500010261;10;000000000040006001;0000100107;2.6;TO;2.10;1;USD;20260209;1000
4500010262;10;000000000040004001;0000100108;2580;KG;3.30;1;EUR;20260223;1000
4500010263;10;000000000040001001;0000100101;58400;KG;2.85;1;EUR;20260321;1000
4500010264;10;000000000040001001;0000100101;70520;KG;2.85;1;EUR;20260314;1000
4500010265;10;000000000040001001;0000100101;60210;KG;2.85;1;EUR;20260310;1000
4500010266;10;000000000040001001;0000100102;17200;KG;3050.00;1000;USD;20260326;1000
4500010267;10;000000000040001001;0000100102;14100;KG;3050.00;1000;USD;20260314;1000
4500010268;10;000000000040001002;0000100103;65910;KG;4.40;1;EUR;20260317;1000
4500010269;10;000000000040001002;0000100103;138490;KG;4400.00;1000;EUR;20260312;1000
4500010270;10;000000000040002001;0000100104;42970;KG;690.00;1000;EUR;20260316;1000
4500010271;10;000000000040002001;0000100104;96160;KG;690.00;1000;EUR;20260316;1000
4500010272;10;000000000040002001;0000100104;59480;KG;690.00;1000;EUR;20260325;1000
4500010273;10;000000000040002002;0000100104;87720;KG;785.00;1000;EUR;20260320;1000
4500010274;10;000000000040002002;0000100104;55600;KG;785.00;1000;EUR;20260301;1000
4500010275;10;000000000040003001;0000100105;46820;KG;39.56;1;PLN;20260314;1000
4500010276;10;000000000040003001;0000100105;49460;KG;39560.00;1000;PLN;20260308;1000
4500010277;10;000000000040003001;0000100105;61960;KG;39.19;1;PLN;20260313;1000
4500010278;10;000000000040005001;0000100106;12830;KG;3.95;1;EUR;20260314;1000
4500010279;10;000000000040006001;0000100107;3030;KG;2.10;1;USD;20260320;1000
4500010280;10;000000000040006001;0000100107;2870;KG;2.10;1;USD;20260310;1000
4500010281;10;000000000040006001;0000100107;2560;KG;2.10;1;USD;20260309;1000
4500010282;10;000000000040004001;0000100108;1400;KG;3300.00;1000;EUR;20260310;1000
4500010283;10;000000000040001001;0000100101;59270;KG;2.85;1;EUR;20260409;1000
4500010284;10;000000000040001001;0000100101;53820;KG;2850.00;1000;EUR;20260411;1000
4500010285;10;000000000040001001;0000100102;22930;KG;3050.00;1000;USD;20260401;1000
4500010286;10;000000000040001002;0000100103;89450;KG;4.40;1;EUR;20260405;1000
4500010287;10;000000000040002001;0000100104;42960;KG;690.00;1000;EUR;20260403;1000
4500010288;10;000000000040002001;0000100104;51040;KG;690.00;1000;EUR;20260416;1000
4500010289;10;000000000040002001;0000100104;54810;KG;690.00;1000;EUR;20260414;1000
4500010290;10;000000000040002002;0000100104;87020;KG;785.00;1000;EUR;20260416;1000
4500010291;10;000000000040002002;0000100104;99050;KG;785.00;1000;EUR;20260415;1000
4500010292;10;000000000040003001;0000100105;64230;KG;39560.00;1000;PLN;20260411;1000
4500010293;10;000000000040003001;0000100105;62520;KG;39560.00;1000;PLN;20260405;1000
4500010294;10;000000000040003001;0000100105;63570;KG;39.21;1;PLN;20260403;1000
4500010295;10;000000000040005001;0000100106;11930;KG;3.95;1;EUR;20260409;1000
4500010296;10;000000000040006001;0000100107;1740;KG;2.10;1;USD;20260425;1000
4500010297;10;000000000040004001;0000100108;2280;KG;3300.00;1000;EUR;20260415;1000
4500010298;10;000000000040004001;0000100108;2620;KG;3.30;1;EUR;20260407;1000
4500010299;10;000000000040001001;0000100101;55080;KG;2.85;1;EUR;20260507;1000
4500010300;10;000000000040001001;0000100102;22820;KG;3050.00;1000;USD;20260511;1000
4500010301;10;000000000040001001;0000100102;19710;KG;3.05;1;USD;20260524;1000
4500010302;10;000000000040001001;0000100102;16950;KG;3.05;1;USD;20260509;1000
4500010303;10;000000000040001002;0000100103;82220;KG;4.40;1;EUR;20260502;1000
4500010304;10;000000000040001002;0000100103;83870;KG;4400.00;1000;EUR;20260504;1000
4500010305;10;000000000040002001;0000100104;60890;KG;690.00;1000;EUR;20260506;1000
4500010306;10;000000000040002001;0000100104;87520;KG;690.00;1000;EUR;20260519;1000
4500010307;10;000000000040002002;0000100104;64930;KG;785.00;1000;EUR;20260508;1000
4500010308;10;000000000040003001;0000100105;71620;KG;39.25;1;PLN;20260519;1000
4500010309;10;000000000040005001;0000100106;18220;KG;3.95;1;EUR;20260505;1000
4500010310;10;000000000040005001;0000100106;10630;KG;3.95;1;EUR;20260506;1000
4500010311;10;000000000040006001;0000100107;2740;KG;2.10;1;USD;20260525;1000
4500010312;10;000000000040006001;0000100107;1620;KG;2100.00;1000;USD;20260521;1000
4500010313;10;000000000040006001;0000100107;2570;KG;2100.00;1000;USD;20260504;1000
4500010314;10;000000000040004001;0000100108;1600;KG;3.30;1;EUR;20260518;1000
4500010315;10;000000000040001001;0000100101;67410;KG;2.85;1;EUR;20260615;1000
4500010316;10;000000000040001001;0000100101;33430;KG;2.85;1;EUR;20260613;1000
4500010317;10;000000000040001001;0000100102;13340;KG;3.05;1;USD;20260602;1000
4500010318;10;000000000040001002;0000100103;113450;KG;4.40;1;EUR;20260618;1000
4500010319;10;000000000040001002;0000100103;81450;KG;4.40;1;EUR;20260606;1000
4500010320;10;000000000040002001;0000100104;84000;KG;690.00;1000;EUR;20260609;1000
4500010321;10;000000000040002001;0000100104;91670;KG;690.00;1000;EUR;20260620;1000
4500010322;10;000000000040002002;0000100104;51590;KG;785.00;1000;EUR;20260617;1000
4500010323;10;000000000040002002;0000100104;51280;KG;785.00;1000;EUR;20260610;1000
4500010324;10;000000000040002002;0000100104;88930;KG;785.00;1000;EUR;20260618;1000
4500010325;10;000000000040003001;0000100105;50170;KG;37.47;1;PLN;20260625;1000
4500010326;10;000000000040003001;0000100105;47040;KG;37.68;1;PLN;20260606;1000
4500010327;10;000000000040005001;0000100106;20350;KG;3.95;1;EUR;20260625;1000
4500010328;10;000000000040005001;0000100106;13560;KG;3.95;1;EUR;20260603;1000
4500010329;10;000000000040005001;0000100106;16330;KG;3950.00;1000;EUR;20260613;1000
4500010330;10;000000000040006001;0000100107;2500;KG;2100.00;1000;USD;20260618;1000
4500010331;10;000000000040006001;0000100107;2070;KG;2.10;1;USD;20260614;1000
4500010332;10;000000000040006001;0000100107;1720;KG;2.10;1;USD;20260617;1000
4500010333;10;000000000040004001;0000100108;2380;KG;3300.00;1000;EUR;20260605;1000
4500010334;10;000000000040001001;0000100101;41260;KG;2850.00;1000;EUR;20260716;1000
4500010335;10;000000000040001001;0000100102;17610;KG;3.05;1;USD;20260713;1000
4500010336;10;000000000040001002;0000100103;119080;KG;4400.00;1000;EUR;20260719;1000
4500010337;10;000000000040001002;0000100103;96750;KG;4.40;1;EUR;20260720;1000
4500010338;10;000000000040001002;0000100103;66130;KG;4.40;1;EUR;20260707;1000
4500010339;10;000000000040002001;0000100104;69020;KG;690.00;1000;EUR;20260721;1000
4500010340;10;000000000040002002;0000100104;62950;KG;785.00;1000;EUR;20260724;1000
4500010341;10;000000000040003001;0000100105;65500;KG;37.02;1;PLN;20260726;1000
4500010342;10;000000000040003001;0000100105;65570;KG;36.67;1;PLN;20260709;1000
4500010343;10;000000000040005001;0000100106;10390;KG;3950.00;1000;EUR;20260710;1000
4500010344;10;000000000040005001;0000100106;12230;KG;3950.00;1000;EUR;20260717;1000
4500010345;10;000000000040005001;0000100106;18690;KG;3.95;1;EUR;20260718;1000
4500010346;10;000000000040006001;0000100107;2550;KG;2.10;1;USD;20260708;1000
4500010347;10;000000000040004001;0000100108;1960;KG;3.30;1;EUR;20260718;1000
4500010348;10;000000000040001001;0000100101;65710;KG;2.85;1;EUR;20260819;1000
4500010349;10;000000000040001001;0000100102;19370;KG;3.05;1;USD;20260814;1000
4500010350;10;000000000040001001;0000100102;12220;KG;3.05;1;USD;20260806;1000
4500010351;10;000000000040001002;0000100103;94250;KG;4.40;1;EUR;20260806;1000
4500010352;10;000000000040001002;0000100103;116990;KG;4.40;1;EUR;20260812;1000
4500010353;10;000000000040001002;0000100103;112670;KG;4.40;1;EUR;20260811;1000
4500010354;10;000000000040002001;0000100104;85800;KG;690.00;1000;EUR;20260814;1000
4500010355;10;000000000040002001;0000100104;89320;KG;690.00;1000;EUR;20260811;1000
4500010356;10;000000000040002002;0000100104;56140;KG;785.00;1000;EUR;20260818;1000
4500010357;10;000000000040002002;0000100104;54620;KG;785.00;1000;EUR;20260825;1000
4500010358;10;000000000040002002;0000100104;73680;KG;785.00;1000;EUR;20260824;1000
4500010359;10;000000000040003001;0000100105;46250;KG;37.45;1;PLN;20260815;1000
4500010360;10;000000000040003001;0000100105;47800;KG;36896.57;1000;PLN;20260824;1000
4500010361;10;000000000040005001;0000100106;17050;KG;3950.00;1000;EUR;20260817;1000
4500010362;10;000000000040005001;0000100106;20780;KG;3.95;1;EUR;20260801;1000
4500010363;10;000000000040006001;0000100107;1930;KG;2100.00;1000;USD;20260811;1000
4500010364;10;000000000040004001;0000100108;2360;KG;3.30;1;EUR;20260818;1000
4500010365;10;000000000040004001;0000100108;1980;KG;3300.00;1000;EUR;20260819;1000
4500010366;10;000000000040004001;0000100108;1180;KG;3300.00;1000;EUR;20260812;1000
4500010367;10;000000000040001001;0000100101;48410;KG;3056.98;1000;EUR;20260919;1000
4500010368;10;000000000040001001;0000100101;43600;KG;3056.98;1000;EUR;20260910;1000
4500010369;10;000000000040001001;0000100102;17590;KG;3.21;1;USD;20260907;1000
4500010370;10;000000000040001001;0000100102;19650;KG;3.21;1;USD;20260926;1000
4500010371;10;000000000040001002;0000100103;136560;KG;4.59;1;EUR;20260923;1000
4500010372;10;000000000040001002;0000100103;136020;KG;4.59;1;EUR;20260904;1000
4500010373;10;000000000040002001;0000100104;44620;KG;690.00;1000;EUR;20260926;1000
4500010374;10;000000000040002001;0000100104;75160;KG;690.00;1000;EUR;20260903;1000
4500010375;10;000000000040002002;0000100104;94740;KG;785.00;1000;EUR;20260911;1000
4500010376;10;000000000040003001;0000100105;67910;KG;39.25;1;PLN;20260914;1000
4500010377;10;000000000040003001;0000100105;67410;KG;39216.37;1000;PLN;20260925;1000
4500010378;10;000000000040005001;0000100106;20260;KG;3.95;1;EUR;20260901;1000
4500010379;10;000000000040005001;0000100106;17510;KG;3.95;1;EUR;20260902;1000
4500010380;10;000000000040005001;0000100106;10020;KG;3.95;1;EUR;20260918;1000
4500010381;10;000000000040006001;0000100107;2500;KG;2100.00;1000;USD;20260908;1000
4500010382;10;000000000040006001;0000100107;2850;KG;2.10;1;USD;20260913;1000
4500010383;10;000000000040004001;0000100108;1990;KG;3300.00;1000;EUR;20260903;1000
4500010384;10;000000000040004001;0000100108;1560;KG;3300.00;1000;EUR;20260913;1000
4500010385;10;000000000040004001;0000100108;1630;KG;3.30;1;EUR;20260916;1000
4500010121;10;000000000040004001;0000100108;1440;KG;3.30;1;EUR;20250606;1000
