KUNNR;MATNR;KSCHL;KBETR;KPEIN;KONWA;DATAB;DATBI
0000200101;FG-BC-200;PR00;1936.00;100;EUR;20250101;20251231
0000200101;FG-BC-200;PR00;1897.00;100;EUR;20260101;99991231
0000200101;FG-SF-310;PR00;2355.00;100;EUR;20250101;20251231
0000200101;FG-SF-310;PR00;2308.00;100;EUR;20260101;99991231
0000200101;FG-RD-120;PR00;4646.00;100;EUR;20250101;20251231
0000200101;FG-RD-120;PR00;4553.00;100;EUR;20260101;99991231
0000200102;FG-WH-EV1;PR00;7187.00;100;EUR;20250101;99991231
0000200102;FG-BE-500;PR00;14203.00;100;EUR;20250101;20251231
0000200102;FG-BE-500;PR00;13919.00;100;EUR;20260101;99991231
0000200102;FG-BC-200;PR00;1914.00;100;EUR;20250101;20251231
0000200102;FG-BC-200;PR00;1876.00;100;EUR;20260101;99991231
0000200103;FG-BE-500;PR00;13730.00;100;EUR;20250101;20251231
0000200103;FG-BE-500;PR00;13455.00;100;EUR;20260101;99991231
0000200103;FG-WH-EV1;PR00;6950.00;100;EUR;20250101;20251231
0000200103;FG-WH-EV1;PR00;6811.00;100;EUR;20260101;99991231
