Monat;Kunde;Material;Menge_Stk
01.10.2026;Nordwerk;FG-BC-200;3343,7
01.11.2026;Nordwerk;FG-BC-200;3675,5
01.12.2026;Nordwerk FZB;FG-BC-200;2941,1
01.01.2027;NORDWERK FAHRZEUGBAU AG;FG-BC-200;3063,0
01.02.2027;NORDWERK FAHRZEUGBAU AG;FG-BC-200;3661,0
01.03.2027;Nordwerk FZB;FG-BC-200;4032,7
01.04.2027;Nordwerk FZB;FG-BC-200;3913,8
01.05.2027;Nordwerk FZB;FG-BC-200;3760,3
01.06.2027;NORDWERK FAHRZEUGBAU AG;FG-BC-200;3692,8
01.07.2027;Nordwerk;FG-BC-200;2352,1
01.08.2027;Nordwerk FZB;FG-BC-200;3013,4
01.09.2027;Nordwerk FZB;FG-BC-200;3710,7
01.10.2026;Nordwerk;FG-SF-310;2579,6
01.11.2026;Nordwerk;FG-SF-310;2672,6
01.12.2026;Nordwerk FZB;FG-SF-310;2034,7
01.01.2027;Nordwerk;FG-SF-310;2137,7
01.02.2027;Nordwerk;FG-SF-310;2451,4
01.03.2027;Nordwerk;FG-SF-310;2954,6
01.04.2027;Nordwerk;FG-SF-310;2824,2
01.05.2027;NORDWERK FAHRZEUGBAU AG;FG-SF-310;2386,1
01.06.2027;Nordwerk;FG-SF-310;2467,3
01.07.2027;Nordwerk FZB;FG-SF-310;1711,1
01.08.2027;NORDWERK FAHRZEUGBAU AG;FG-SF-310;2388,7
01.09.2027;NORDWERK FAHRZEUGBAU AG;FG-SF-310;3025,9
01.10.2026;NORDWERK FAHRZEUGBAU AG;FG-RD-120;1716,4
01.11.2026;Nordwerk;FG-RD-120;1775,7
01.12.2026;Nordwerk FZB;FG-RD-120;1137,5
01.01.2027;Nordwerk;FG-RD-120;1503,8
01.02.2027;NORDWERK FAHRZEUGBAU AG;FG-RD-120;1559,3
01.03.2027;Nordwerk FZB;FG-RD-120;1674,2
01.04.2027;NORDWERK FAHRZEUGBAU AG;FG-RD-120;1666,3
01.05.2027;Nordwerk;FG-RD-120;1589,6
01.06.2027;Nordwerk FZB;FG-RD-120;1590,4
01.07.2027;NORDWERK FAHRZEUGBAU AG;FG-RD-120;1153,2
01.08.2027;Nordwerk FZB;FG-RD-120;1391,0
01.09.2027;Nordwerk FZB;FG-RD-120;1565,6
01.10.2026;Sakura;FG-BE-500;630,7
01.11.2026;Sakura EV Corp.;FG-BE-500;556,6
01.12.2026;Sakura EV Corp.;FG-BE-500;425,6
01.01.2027;Sakura;FG-BE-500;555,4
01.02.2027;SAKURA EV;FG-BE-500;556,6
01.03.2027;Sakura EV Corp.;FG-BE-500;661,5
01.04.2027;Sakura;FG-BE-500;559,4
01.05.2027;Sakura;FG-BE-500;556,7
01.06.2027;Sakura EV Corp.;FG-BE-500;567,0
01.07.2027;Sakura;FG-BE-500;369,1
01.08.2027;SAKURA EV;FG-BE-500;484,6
01.09.2027;Sakura;FG-BE-500;642,8
01.10.2026;SAKURA EV;FG-WH-EV1;919,9
01.11.2026;Sakura;FG-WH-EV1;1046,8
01.12.2026;Sakura EV Corp.;FG-WH-EV1;805,0
01.01.2027;SAKURA EV;FG-WH-EV1;845,8
01.02.2027;Sakura;FG-WH-EV1;1012,1
01.03.2027;Sakura EV Corp.;FG-WH-EV1;994,7
01.04.2027;SAKURA EV;FG-WH-EV1;1138,7
01.05.2027;SAKURA EV;FG-WH-EV1;966,7
01.06.2027;Sakura EV Corp.;FG-WH-EV1;1048,9
01.07.2027;SAKURA EV;FG-WH-EV1;678,5
01.08.2027;SAKURA EV;FG-WH-EV1;825,4
01.09.2027;Sakura;FG-WH-EV1;1042,0
