date,EURUSD,EURPLN
2025-01-01,1.0755,4.301
2025-01-02,1.0783,4.3091
2025-01-03,1.0782,4.2944
2025-01-06,1.0796,4.2947
2025-01-07,1.077,4.3045
2025-01-08,1.0799,4.316
2025-01-09,1.0815,4.3085
2025-01-10,1.0803,4.3057
2025-01-13,1.0833,4.3213
2025-01-14,1.0745,4.3079
2025-01-15,1.076,4.3071
2025-01-16,1.0758,4.3083
2025-01-17,1.0735,4.3094
2025-01-20,1.0743,4.3009
2025-01-21,1.0762,4.3091
2025-01-22,1.074,4.3163
2025-01-23,1.074,4.3312
2025-01-24,1.0741,4.3227
2025-01-27,1.0757,4.3174
2025-01-28,1.0799,4.326
2025-01-29,1.0784,4.3404
2025-01-30,1.0827,4.3383
2025-01-31,1.0783,4.3231
2025-02-03,1.0794,4.3201
2025-02-04,1.0739,4.3274
2025-02-05,1.0744,4.3319
2025-02-06,1.077,4.3399
2025-02-07,1.0837,4.3546
2025-02-10,1.0837,4.3481
2025-02-11,1.081,4.3378
2025-02-12,1.0843,4.3255
2025-02-13,1.0842,4.3231
2025-02-14,1.0843,4.3308
2025-02-17,1.0871,4.3442
2025-02-18,1.0903,4.3438
2025-02-19,1.0841,4.3418
2025-02-20,1.0841,4.3385
2025-02-21,1.0838,4.3472
2025-02-24,1.0802,4.3382
2025-02-25,1.0749,4.3354
2025-02-26,1.0749,4.3329
2025-02-27,1.0737,4.331
2025-02-28,1.0717,4.3451
2025-03-03,1.0716,4.3351
2025-03-04,1.0709,4.3546
2025-03-05,1.0714,4.3461
2025-03-06,1.0769,4.3367
2025-03-07,1.077,4.3291
2025-03-10,1.0832,4.3332
2025-03-11,1.0871,4.3314
2025-03-12,1.0899,4.3396
2025-03-13,1.087,4.3304
2025-03-14,1.0857,4.3144
2025-03-17,1.0824,4.3105
2025-03-18,1.0836,4.3124
2025-03-19,1.0832,4.2991
2025-03-20,1.0845,4.2982
2025-03-21,1.0853,4.3029
2025-03-24,1.0856,4.2958
2025-03-25,1.0841,4.2889
2025-03-26,1.0807,4.2801
2025-03-27,1.0793,4.2799
2025-03-28,1.0816,4.2848
2025-03-31,1.081,4.3091
2025-04-01,1.0808,4.3187
2025-04-02,1.0835,4.3068
2025-04-03,1.085,4.2932
2025-04-04,1.0799,4.2926
2025-04-07,1.0796,4.3065
2025-04-08,1.0768,4.3118
2025-04-09,1.0768,4.3067
2025-04-10,1.0782,4.315
2025-04-11,1.08,4.3261
2025-04-14,1.0854,4.3375
2025-04-15,1.0835,4.3263
2025-04-16,1.0823,4.3288
2025-04-17,1.0841,4.3162
2025-04-18,1.087,4.3085
2025-04-21,1.0833,4.297
2025-04-22,1.0854,4.2949
2025-04-23,1.0873,4.2828
2025-04-24,1.0864,4.2903
2025-04-25,1.0852,4.2907
2025-04-28,1.0873,4.2838
2025-04-29,1.0883,4.2887
2025-04-30,1.0892,4.3024
2025-05-01,1.0863,4.3053
2025-05-02,1.0804,4.3
2025-05-05,1.0801,4.2975
2025-05-06,1.0792,4.2968
2025-05-07,1.0807,4.2909
2025-05-08,1.0782,4.2767
2025-05-09,1.0804,4.2746
2025-05-12,1.0817,4.2865
2025-05-13,1.0792,4.2801
2025-05-14,1.0823,4.2645
2025-05-15,1.0811,4.2655
2025-05-16,1.0787,4.2766
2025-05-19,1.0796,4.2631
2025-05-20,1.0796,4.2665
2025-05-21,1.0767,4.2717
2025-05-22,1.0788,4.2777
2025-05-23,1.0789,4.2836
2025-05-26,1.0765,4.2896
2025-05-27,1.071,4.2765
2025-05-28,1.0728,4.283
2025-05-29,1.0735,4.2956
2025-05-30,1.0742,4.2939
2025-06-02,1.0789,4.2974
2025-06-03,1.0709,4.2888
2025-06-04,1.0754,4.3006
2025-06-05,1.0801,4.2952
2025-06-06,1.0769,4.3096
2025-06-09,1.0803,4.3059
2025-06-10,1.0777,4.3114
2025-06-11,1.0744,4.3062
2025-06-12,1.0744,4.3221
2025-06-13,1.0805,4.3039
2025-06-16,1.0817,4.3069
2025-06-17,1.0818,4.2887
2025-06-18,1.0845,4.2789
2025-06-19,1.0823,4.2961
2025-06-20,1.087,4.3041
2025-06-23,1.0918,4.2866
2025-06-24,1.0926,4.2872
2025-06-25,1.0894,4.2826
2025-06-26,1.0924,4.2883
2025-06-27,1.0928,4.3048
2025-06-30,1.0942,4.3101
2025-07-01,1.0972,4.3134
2025-07-02,1.0978,4.3171
2025-07-03,1.0939,4.3068
2025-07-04,1.0981,4.3125
2025-07-07,1.0981,4.3198
2025-07-08,1.0983,4.3135
2025-07-09,1.0994,4.3073
2025-07-10,1.0994,4.3194
2025-07-11,1.1009,4.3203
2025-07-14,1.1005,4.3094
2025-07-15,1.0988,4.3053
2025-07-16,1.0961,4.3011
2025-07-17,1.0936,4.3005
2025-07-18,1.0919,4.2998
2025-07-21,1.0946,4.2977
2025-07-22,1.0927,4.3122
2025-07-23,1.0917,4.3188
2025-07-24,1.0908,4.3306
2025-07-25,1.092,4.3144
2025-07-28,1.0935,4.3146
2025-07-29,1.0993,4.3241
2025-07-30,1.0937,4.3291
2025-07-31,1.0923,4.3218
2025-08-01,1.0935,4.3141
2025-08-04,1.0873,4.3217
2025-08-05,1.0926,4.3188
2025-08-06,1.0916,4.3234
2025-08-07,1.0884,4.3236
2025-08-08,1.0912,4.3214
2025-08-11,1.0834,4.3214
2025-08-12,1.0839,4.3131
2025-08-13,1.0805,4.3272
2025-08-14,1.0804,4.3305
2025-08-15,1.0816,4.3411
2025-08-18,1.0841,4.3344
2025-08-19,1.0853,4.328
2025-08-20,1.0918,4.3238
2025-08-21,1.0914,4.3152
2025-08-22,1.0897,4.3203
2025-08-25,1.0932,4.3254
2025-08-26,1.0923,4.3197
2025-08-27,1.0931,4.316
2025-08-28,1.0795,4.3184
2025-08-29,1.081,4.311
2025-09-01,1.0807,4.3069
2025-09-02,1.0793,4.32
2025-09-03,1.0772,4.3125
2025-09-04,1.0802,4.3075
2025-09-05,1.0736,4.3287
2025-09-08,1.0841,4.3088
2025-09-09,1.0876,4.2982
2025-09-10,1.0884,4.3137
2025-09-11,1.0942,4.3095
2025-09-12,1.0944,4.3133
2025-09-15,1.0907,4.3309
2025-09-16,1.0935,4.3232
2025-09-17,1.0875,4.3169
2025-09-18,1.0891,4.3196
2025-09-19,1.0925,4.3179
2025-09-22,1.0937,4.3125
2025-09-23,1.0882,4.3107
2025-09-24,1.0885,4.2987
2025-09-25,1.0876,4.3028
2025-09-26,1.0848,4.3099
2025-09-29,1.0771,4.308
2025-09-30,1.0734,4.3056
2025-10-01,1.0721,4.3101
2025-10-02,1.0761,4.3049
2025-10-03,1.0852,4.302
2025-10-06,1.0877,4.3013
2025-10-07,1.0848,4.3139
2025-10-08,1.0831,4.3128
2025-10-09,1.0865,4.3112
2025-10-10,1.0882,4.3092
2025-10-13,1.089,4.3054
2025-10-14,1.0894,4.2969
2025-10-15,1.0928,4.2891
2025-10-16,1.0995,4.297
2025-10-17,1.0985,4.2923
2025-10-20,1.0981,4.2935
2025-10-21,1.0989,4.2897
2025-10-22,1.0964,4.2788
2025-10-23,1.0883,4.2759
2025-10-24,1.0895,4.2891
2025-10-27,1.0866,4.286
2025-10-28,1.0906,4.2809
2025-10-29,1.0907,4.2782
2025-10-30,1.095,4.2764
2025-10-31,1.0914,4.2796
2025-11-03,1.0946,4.2771
2025-11-04,1.0885,4.2774
2025-11-05,1.0911,4.2743
2025-11-06,1.0898,4.2786
2025-11-07,1.0923,4.2824
2025-11-10,1.0905,4.2851
2025-11-11,1.0922,4.2912
2025-11-12,1.0933,4.2908
2025-11-13,1.0939,4.3017
2025-11-14,1.0946,4.3056
2025-11-17,1.0994,4.3181
2025-11-18,1.0965,4.3165
2025-11-19,1.1003,4.3181
2025-11-20,1.0981,4.3113
2025-11-21,1.1012,4.3108
2025-11-24,1.1078,4.3173
2025-11-25,1.1037,4.3133
2025-11-26,1.0954,4.3255
2025-11-27,1.0952,4.3245
2025-11-28,1.0921,4.3369
2025-12-01,1.0898,4.326
2025-12-02,1.0882,4.3223
2025-12-03,1.086,4.3168
2025-12-04,1.0904,4.3247
2025-12-05,1.0936,4.329
2025-12-08,1.0967,4.3269
2025-12-09,1.1034,4.3216
2025-12-10,1.0997,4.3203
2025-12-11,1.0904,4.3255
2025-12-12,1.0965,4.3315
2025-12-15,1.0965,4.3294
2025-12-16,1.0955,4.324
2025-12-17,1.0888,4.3237
2025-12-18,1.0839,4.3236
2025-12-19,1.086,4.3246
2025-12-22,1.0852,4.3195
2025-12-23,1.0779,4.3335
2025-12-24,1.075,4.3264
2025-12-25,1.0786,4.3381
2025-12-26,1.0828,4.3483
2025-12-29,1.0834,4.3541
2025-12-30,1.0924,4.3677
2025-12-31,1.0952,4.3691
2026-01-01,1.1004,4.3628
2026-01-02,1.1037,4.3551
2026-01-05,1.1053,4.3464
2026-01-06,1.0995,4.3514
2026-01-07,1.0933,4.3359
2026-01-08,1.0902,4.3217
2026-01-09,1.0905,4.3339
2026-01-12,1.09,4.341
2026-01-13,1.0907,4.3425
2026-01-14,1.0901,4.3484
2026-01-15,1.0911,4.3527
2026-01-16,1.0938,4.3484
2026-01-19,1.0931,4.3332
2026-01-20,1.0915,4.3426
2026-01-21,1.0824,4.3443
2026-01-22,1.0851,4.3301
2026-01-23,1.0823,4.3298
2026-01-26,1.0792,4.3243
2026-01-27,1.0821,4.3221
2026-01-28,1.085,4.3181
2026-01-29,1.0869,4.322
2026-01-30,1.0897,4.3191
2026-02-02,1.0856,4.3081
2026-02-03,1.0846,4.3135
2026-02-04,1.0826,4.317
2026-02-05,1.0881,4.3039
2026-02-06,1.0905,4.3072
2026-02-09,1.0891,4.3145
2026-02-10,1.0914,4.3124
2026-02-11,1.0921,4.3134
2026-02-12,1.0911,4.3062
2026-02-13,1.0921,4.2908
2026-02-16,1.0942,4.2957
2026-02-17,1.093,4.2952
2026-02-18,1.0883,4.2991
2026-02-19,1.089,4.2971
2026-02-20,1.0877,4.295
2026-02-23,1.0836,4.2967
2026-02-24,1.0809,4.2963
2026-02-25,1.08,4.3039
2026-02-26,1.0801,4.3001
2026-02-27,1.0819,4.2877
2026-03-02,1.0812,4.2895
2026-03-03,1.0826,4.2789
2026-03-04,1.0812,4.2582
2026-03-05,1.0829,4.251
2026-03-06,1.0841,4.2496
2026-03-09,1.0857,4.2454
2026-03-10,1.0901,4.235
2026-03-11,1.0887,4.2363
2026-03-12,1.0831,4.2498
2026-03-13,1.0826,4.2593
2026-03-16,1.0851,4.2614
2026-03-17,1.085,4.2711
2026-03-18,1.0858,4.2688
2026-03-19,1.0799,4.2628
2026-03-20,1.0772,4.2705
2026-03-23,1.079,4.2627
2026-03-24,1.0816,4.2674
2026-03-25,1.0791,4.2688
2026-03-26,1.0803,4.2672
2026-03-27,1.078,4.2649
2026-03-30,1.0744,4.2764
2026-03-31,1.0749,4.264
2026-04-01,1.0758,4.268
2026-04-02,1.0773,4.2672
2026-04-03,1.0798,4.2625
2026-04-06,1.0853,4.2647
2026-04-07,1.0881,4.2691
2026-04-08,1.0865,4.2701
2026-04-09,1.0892,4.2737
2026-04-10,1.084,4.2871
2026-04-13,1.0841,4.2826
2026-04-14,1.0873,4.287
2026-04-15,1.0892,4.2728
2026-04-16,1.0914,4.278
2026-04-17,1.0971,4.2632
2026-04-20,1.0938,4.2704
2026-04-21,1.0957,4.2678
2026-04-22,1.0946,4.2708
2026-04-23,1.0975,4.2598
2026-04-24,1.097,4.262
2026-04-27,1.0987,4.2709
2026-04-28,1.1029,4.2776
2026-04-29,1.1038,4.2786
2026-04-30,1.1019,4.2796
2026-05-01,1.0995,4.2904
2026-05-04,1.0963,4.2972
2026-05-05,1.0988,4.292
2026-05-06,1.1022,4.2874
2026-05-07,1.1003,4.2822
2026-05-08,1.0933,4.2828
2026-05-11,1.0905,4.2737
2026-05-12,1.0914,4.2566
2026-05-13,1.0877,4.2569
2026-05-14,1.081,4.2611
2026-05-15,1.0795,4.2647
2026-05-18,1.0729,4.2757
2026-05-19,1.0743,4.2658
2026-05-20,1.0733,4.2631
2026-05-21,1.0738,4.2527
2026-05-22,1.0783,4.2571
2026-05-25,1.0754,4.2583
2026-05-26,1.0687,4.2563
2026-05-27,1.0692,4.2588
2026-05-28,1.0712,4.2548
2026-05-29,1.0671,4.2484
2026-06-01,1.0665,4.2644
2026-06-02,1.0661,4.273
2026-06-03,1.0669,4.2728
2026-06-04,1.0655,4.261
2026-06-05,1.0748,4.2611
2026-06-08,1.0742,4.2679
2026-06-09,1.0751,4.2709
2026-06-10,1.0738,4.281
2026-06-11,1.0656,4.2925
2026-06-12,1.0707,4.2921
2026-06-15,1.061,4.2885
2026-06-16,1.0663,4.2848
2026-06-17,1.0627,4.282
2026-06-18,1.0592,4.2907
2026-06-19,1.0599,4.2875
2026-06-22,1.0679,4.2737
2026-06-23,1.0695,4.279
2026-06-24,1.0694,4.2792
2026-06-25,1.0675,4.2762
2026-06-26,1.0702,4.2606
2026-06-29,1.0695,4.2725
2026-06-30,1.0723,4.2799
2026-07-01,1.0663,4.2711
2026-07-02,1.0687,4.2739
2026-07-03,1.0703,4.2659
2026-07-06,1.0664,4.256
2026-07-07,1.0638,4.2403
2026-07-08,1.0641,4.2498
2026-07-09,1.0633,4.2598
2026-07-10,1.0651,4.2592
2026-07-13,1.0612,4.2607
2026-07-14,1.0593,4.2776
2026-07-15,1.0671,4.2722
2026-07-16,1.065,4.2635
2026-07-17,1.0644,4.2664
2026-07-20,1.0646,4.2727
2026-07-21,1.0645,4.2716
2026-07-22,1.0691,4.2608
2026-07-23,1.0678,4.2562
2026-07-24,1.0711,4.2642
2026-07-27,1.0688,4.2721
2026-07-28,1.0718,4.2592
2026-07-29,1.0716,4.2508
2026-07-30,1.0714,4.2448
2026-07-31,1.0716,4.2473
2026-08-03,1.0737,4.2687
2026-08-04,1.0702,4.2678
2026-08-05,1.0676,4.2699
2026-08-06,1.0747,4.2646
2026-08-07,1.0766,4.2884
2026-08-10,1.0756,4.2838
2026-08-11,1.0779,4.2803
2026-08-12,1.0778,4.2826
2026-08-13,1.0707,4.2721
2026-08-14,1.0716,4.2804
2026-08-17,1.0717,4.2813
2026-08-18,1.0732,4.275
2026-08-19,1.071,4.2712
2026-08-20,1.0708,4.2564
2026-08-21,1.0749,4.2538
2026-08-24,1.0747,4.2368
2026-08-25,1.0735,4.2361
2026-08-26,1.075,4.235
2026-08-27,1.074,4.2332
2026-08-28,1.0778,4.2316
2026-08-31,1.0773,4.2278
2026-09-01,1.0786,4.2418
2026-09-02,1.0764,4.2569
2026-09-03,1.0726,4.2576
2026-09-04,1.0752,4.2694
2026-09-07,1.0763,4.2683
2026-09-08,1.0786,4.2673
2026-09-09,1.081,4.2619
2026-09-10,1.0762,4.2697
2026-09-11,1.0768,4.2765
2026-09-14,1.0705,4.2666
2026-09-15,1.0726,4.2696
2026-09-16,1.0695,4.2667
2026-09-17,1.0715,4.2607
2026-09-18,1.0743,4.2624
2026-09-21,1.0728,4.2479
2026-09-22,1.0731,4.2468
2026-09-23,1.0774,4.2655
2026-09-24,1.0721,4.2709
2026-09-25,1.0746,4.2626
