date,metal,cash_usd_per_t
2025-01-01,Aluminium,2346.95
2025-01-01,Copper,9111.17
2025-01-01,Zinc,2631.09
2025-01-02,Aluminium,2343.45
2025-01-02,Copper,9112.86
2025-01-02,Zinc,2588.05
2025-01-03,Aluminium,2341.43
2025-01-03,Copper,9242.05
2025-01-03,Zinc,2628.12
2025-01-06,Aluminium,2356.65
2025-01-06,Copper,9245.96
2025-01-06,Zinc,2641.18
2025-01-07,Aluminium,2353.61
2025-01-07,Copper,9126.87
2025-01-07,Zinc,2578.71
2025-01-08,Aluminium,2321.71
2025-01-08,Copper,9074.38
2025-01-08,Zinc,2583.44
2025-01-09,Aluminium,2330.05
2025-01-09,Copper,9023.68
2025-01-09,Zinc,2575.21
2025-01-10,Aluminium,2325.44
2025-01-10,Copper,9092.89
2025-01-10,Zinc,2628.27
2025-01-13,Aluminium,2322.11
2025-01-13,Copper,9128.15
2025-01-13,Zinc,2608.27
2025-01-14,Aluminium,2325.91
2025-01-14,Copper,9115.84
2025-01-14,Zinc,2593.66
2025-01-15,Aluminium,2331.97
2025-01-15,Copper,9194.31
2025-01-15,Zinc,2570.45
2025-01-16,Aluminium,2357.28
2025-01-16,Copper,9140.96
2025-01-16,Zinc,2544.5
2025-01-17,Aluminium,2370.85
2025-01-17,Copper,9126.45
2025-01-17,Zinc,2529.96
2025-01-20,Aluminium,2372.15
2025-01-20,Copper,9141.62
2025-01-20,Zinc,2495.73
2025-01-21,Aluminium,2355.27
2025-01-21,Copper,9279.23
2025-01-21,Zinc,2474.68
2025-01-22,Aluminium,2333.5
2025-01-22,Copper,9260.95
2025-01-22,Zinc,2439.14
2025-01-23,Aluminium,2339.49
2025-01-23,Copper,9220.27
2025-01-23,Zinc,2408.67
2025-01-24,Aluminium,2367.62
2025-01-24,Copper,9117.75
2025-01-24,Zinc,2378.31
2025-01-27,Aluminium,2367.62
2025-01-27,Copper,9179.41
2025-01-27,Zinc,2376.87
2025-01-28,Aluminium,2364.47
2025-01-28,Copper,9121.46
2025-01-28,Zinc,2371.24
2025-01-29,Aluminium,2375.06
2025-01-29,Copper,9151.74
2025-01-29,Zinc,2351.72
2025-01-30,Aluminium,2342.72
2025-01-30,Copper,8975.11
2025-01-30,Zinc,2377.33
2025-01-31,Aluminium,2336.5
2025-01-31,Copper,9074.89
2025-01-31,Zinc,2388.3
2025-02-03,Aluminium,2347.48
2025-02-03,Copper,8955.27
2025-02-03,Zinc,2388.75
2025-02-04,Aluminium,2366.06
2025-02-04,Copper,8892.78
2025-02-04,Zinc,2388.33
2025-02-05,Aluminium,2360.13
2025-02-05,Copper,8997.04
2025-02-05,Zinc,2441.97
2025-02-06,Aluminium,2367.62
2025-02-06,Copper,8882.07
2025-02-06,Zinc,2458.0
2025-02-07,Aluminium,2372.02
2025-02-07,Copper,8885.65
2025-02-07,Zinc,2479.76
2025-02-10,Aluminium,2387.61
2025-02-10,Copper,8902.71
2025-02-10,Zinc,2417.18
2025-02-11,Aluminium,2361.78
2025-02-11,Copper,8823.46
2025-02-11,Zinc,2410.42
2025-02-12,Aluminium,2373.26
2025-02-12,Copper,8955.36
2025-02-12,Zinc,2363.75
2025-02-13,Aluminium,2339.74
2025-02-13,Copper,9096.7
2025-02-13,Zinc,2365.43
2025-02-14,Aluminium,2285.08
2025-02-14,Copper,8917.51
2025-02-14,Zinc,2387.85
2025-02-17,Aluminium,2275.76
2025-02-17,Copper,8797.24
2025-02-17,Zinc,2381.95
2025-02-18,Aluminium,2260.59
2025-02-18,Copper,8882.98
2025-02-18,Zinc,2407.58
2025-02-19,Aluminium,2282.72
2025-02-19,Copper,8777.82
2025-02-19,Zinc,2391.51
2025-02-20,Aluminium,2299.63
2025-02-20,Copper,8759.25
2025-02-20,Zinc,2418.32
2025-02-21,Aluminium,2276.87
2025-02-21,Copper,8786.99
2025-02-21,Zinc,2387.56
2025-02-24,Aluminium,2297.77
2025-02-24,Copper,8862.9
2025-02-24,Zinc,2392.51
2025-02-25,Aluminium,2279.6
2025-02-25,Copper,8854.66
2025-02-25,Zinc,2415.18
2025-02-26,Aluminium,2281.25
2025-02-26,Copper,8875.03
2025-02-26,Zinc,2440.12
2025-02-27,Aluminium,2278.55
2025-02-27,Copper,8817.06
2025-02-27,Zinc,2446.37
2025-02-28,Aluminium,2284.36
2025-02-28,Copper,8944.72
2025-02-28,Zinc,2507.97
2025-03-03,Aluminium,2304.38
2025-03-03,Copper,8908.04
2025-03-03,Zinc,2503.25
2025-03-04,Aluminium,2319.86
2025-03-04,Copper,8947.7
2025-03-04,Zinc,2497.77
2025-03-05,Aluminium,2328.65
2025-03-05,Copper,8909.41
2025-03-05,Zinc,2429.12
2025-03-06,Aluminium,2343.33
2025-03-06,Copper,8928.21
2025-03-06,Zinc,2486.51
2025-03-07,Aluminium,2353.75
2025-03-07,Copper,8921.63
2025-03-07,Zinc,2484.09
2025-03-10,Aluminium,2340.28
2025-03-10,Copper,8915.88
2025-03-10,Zinc,2459.73
2025-03-11,Aluminium,2325.66
2025-03-11,Copper,8834.51
2025-03-11,Zinc,2504.3
2025-03-12,Aluminium,2317.02
2025-03-12,Copper,8917.76
2025-03-12,Zinc,2545.22
2025-03-13,Aluminium,2329.06
2025-03-13,Copper,9052.79
2025-03-13,Zinc,2553.29
2025-03-14,Aluminium,2324.86
2025-03-14,Copper,9077.15
2025-03-14,Zinc,2517.64
2025-03-17,Aluminium,2374.97
2025-03-17,Copper,9144.76
2025-03-17,Zinc,2535.53
2025-03-18,Aluminium,2356.2
2025-03-18,Copper,9219.15
2025-03-18,Zinc,2523.68
2025-03-19,Aluminium,2332.59
2025-03-19,Copper,9298.67
2025-03-19,Zinc,2497.19
2025-03-20,Aluminium,2349.58
2025-03-20,Copper,9316.73
2025-03-20,Zinc,2533.05
2025-03-21,Aluminium,2379.67
2025-03-21,Copper,9325.41
2025-03-21,Zinc,2479.22
2025-03-24,Aluminium,2389.0
2025-03-24,Copper,9394.43
2025-03-24,Zinc,2502.68
2025-03-25,Aluminium,2404.99
2025-03-25,Copper,9385.7
2025-03-25,Zinc,2522.28
2025-03-26,Aluminium,2433.05
2025-03-26,Copper,9279.56
2025-03-26,Zinc,2585.26
2025-03-27,Aluminium,2426.69
2025-03-27,Copper,9272.61
2025-03-27,Zinc,2597.67
2025-03-28,Aluminium,2391.65
2025-03-28,Copper,9088.71
2025-03-28,Zinc,2541.41
2025-03-31,Aluminium,2378.08
2025-03-31,Copper,9088.74
2025-03-31,Zinc,2523.25
2025-04-01,Aluminium,2397.05
2025-04-01,Copper,9126.87
2025-04-01,Zinc,2531.08
2025-04-02,Aluminium,2363.51
2025-04-02,Copper,9238.33
2025-04-02,Zinc,2546.66
2025-04-03,Aluminium,2363.54
2025-04-03,Copper,9245.29
2025-04-03,Zinc,2579.1
2025-04-04,Aluminium,2368.25
2025-04-04,Copper,9323.72
2025-04-04,Zinc,2526.95
2025-04-07,Aluminium,2360.6
2025-04-07,Copper,9312.2
2025-04-07,Zinc,2523.65
2025-04-08,Aluminium,2375.44
2025-04-08,Copper,9206.04
2025-04-08,Zinc,2556.59
2025-04-09,Aluminium,2386.57
2025-04-09,Copper,9070.74
2025-04-09,Zinc,2604.51
2025-04-10,Aluminium,2434.58
2025-04-10,Copper,8984.24
2025-04-10,Zinc,2660.07
2025-04-11,Aluminium,2443.78
2025-04-11,Copper,8867.22
2025-04-11,Zinc,2648.14
2025-04-14,Aluminium,2425.5
2025-04-14,Copper,8934.75
2025-04-14,Zinc,2680.21
2025-04-15,Aluminium,2409.34
2025-04-15,Copper,8924.31
2025-04-15,Zinc,2729.15
2025-04-16,Aluminium,2388.27
2025-04-16,Copper,8983.82
2025-04-16,Zinc,2761.04
2025-04-17,Aluminium,2406.79
2025-04-17,Copper,8996.15
2025-04-17,Zinc,2777.23
2025-04-18,Aluminium,2391.61
2025-04-18,Copper,9095.21
2025-04-18,Zinc,2795.85
2025-04-21,Aluminium,2387.98
2025-04-21,Copper,9191.88
2025-04-21,Zinc,2763.87
2025-04-22,Aluminium,2402.15
2025-04-22,Copper,9127.92
2025-04-22,Zinc,2713.93
2025-04-23,Aluminium,2383.84
2025-04-23,Copper,9101.48
2025-04-23,Zinc,2740.0
2025-04-24,Aluminium,2375.83
2025-04-24,Copper,9052.91
2025-04-24,Zinc,2724.88
2025-04-25,Aluminium,2335.15
2025-04-25,Copper,8908.48
2025-04-25,Zinc,2720.19
2025-04-28,Aluminium,2313.14
2025-04-28,Copper,8978.0
2025-04-28,Zinc,2699.27
2025-04-29,Aluminium,2303.13
2025-04-29,Copper,9090.75
2025-04-29,Zinc,2685.1
2025-04-30,Aluminium,2314.05
2025-04-30,Copper,9090.63
2025-04-30,Zinc,2690.19
2025-05-01,Aluminium,2340.67
2025-05-01,Copper,9046.26
2025-05-01,Zinc,2657.91
2025-05-02,Aluminium,2340.75
2025-05-02,Copper,9147.62
2025-05-02,Zinc,2659.52
2025-05-05,Aluminium,2346.72
2025-05-05,Copper,8930.72
2025-05-05,Zinc,2666.24
2025-05-06,Aluminium,2350.43
2025-05-06,Copper,8954.87
2025-05-06,Zinc,2663.15
2025-05-07,Aluminium,2373.35
2025-05-07,Copper,8974.85
2025-05-07,Zinc,2640.71
2025-05-08,Aluminium,2391.26
2025-05-08,Copper,8929.78
2025-05-08,Zinc,2664.02
2025-05-09,Aluminium,2395.05
2025-05-09,Copper,9062.4
2025-05-09,Zinc,2718.19
2025-05-12,Aluminium,2370.96
2025-05-12,Copper,9152.24
2025-05-12,Zinc,2696.72
2025-05-13,Aluminium,2389.18
2025-05-13,Copper,9125.72
2025-05-13,Zinc,2730.96
2025-05-14,Aluminium,2395.38
2025-05-14,Copper,9116.51
2025-05-14,Zinc,2753.5
2025-05-15,Aluminium,2419.52
2025-05-15,Copper,9080.31
2025-05-15,Zinc,2667.76
2025-05-16,Aluminium,2415.29
2025-05-16,Copper,9034.79
2025-05-16,Zinc,2644.53
2025-05-19,Aluminium,2454.39
2025-05-19,Copper,8919.84
2025-05-19,Zinc,2626.31
2025-05-20,Aluminium,2441.01
2025-05-20,Copper,9051.76
2025-05-20,Zinc,2650.07
2025-05-21,Aluminium,2471.28
2025-05-21,Copper,9147.21
2025-05-21,Zinc,2655.56
2025-05-22,Aluminium,2467.47
2025-05-22,Copper,9217.84
2025-05-22,Zinc,2669.14
2025-05-23,Aluminium,2449.83
2025-05-23,Copper,9111.0
2025-05-23,Zinc,2686.85
2025-05-26,Aluminium,2419.75
2025-05-26,Copper,9300.04
2025-05-26,Zinc,2658.42
2025-05-27,Aluminium,2412.87
2025-05-27,Copper,9473.97
2025-05-27,Zinc,2636.16
2025-05-28,Aluminium,2440.55
2025-05-28,Copper,9472.32
2025-05-28,Zinc,2601.39
2025-05-29,Aluminium,2453.78
2025-05-29,Copper,9367.29
2025-05-29,Zinc,2598.9
2025-05-30,Aluminium,2463.58
2025-05-30,Copper,9272.37
2025-05-30,Zinc,2598.01
2025-06-02,Aluminium,2404.94
2025-06-02,Copper,9302.4
2025-06-02,Zinc,2605.45
2025-06-03,Aluminium,2417.52
2025-06-03,Copper,9207.12
2025-06-03,Zinc,2586.79
2025-06-04,Aluminium,2426.14
2025-06-04,Copper,9198.56
2025-06-04,Zinc,2615.67
2025-06-05,Aluminium,2410.2
2025-06-05,Copper,9293.71
2025-06-05,Zinc,2643.75
2025-06-06,Aluminium,2393.51
2025-06-06,Copper,9143.78
2025-06-06,Zinc,2689.04
2025-06-09,Aluminium,2391.24
2025-06-09,Copper,9324.98
2025-06-09,Zinc,2708.1
2025-06-10,Aluminium,2426.27
2025-06-10,Copper,9459.55
2025-06-10,Zinc,2710.66
2025-06-11,Aluminium,2399.29
2025-06-11,Copper,9323.84
2025-06-11,Zinc,2727.6
2025-06-12,Aluminium,2387.53
2025-06-12,Copper,9180.57
2025-06-12,Zinc,2741.91
2025-06-13,Aluminium,2414.89
2025-06-13,Copper,9150.48
2025-06-13,Zinc,2717.49
2025-06-16,Aluminium,2401.86
2025-06-16,Copper,9053.59
2025-06-16,Zinc,2752.57
2025-06-17,Aluminium,2391.33
2025-06-17,Copper,9032.02
2025-06-17,Zinc,2799.28
2025-06-18,Aluminium,2391.34
2025-06-18,Copper,8802.26
2025-06-18,Zinc,2852.27
2025-06-19,Aluminium,2362.52
2025-06-19,Copper,8796.53
2025-06-19,Zinc,2842.49
2025-06-20,Aluminium,2366.57
2025-06-20,Copper,8969.79
2025-06-20,Zinc,2842.31
2025-06-23,Aluminium,2339.97
2025-06-23,Copper,8876.05
2025-06-23,Zinc,2845.01
2025-06-24,Aluminium,2359.11
2025-06-24,Copper,8862.73
2025-06-24,Zinc,2834.46
2025-06-25,Aluminium,2358.72
2025-06-25,Copper,8742.27
2025-06-25,Zinc,2843.91
2025-06-26,Aluminium,2406.76
2025-06-26,Copper,8815.25
2025-06-26,Zinc,2829.71
2025-06-27,Aluminium,2409.93
2025-06-27,Copper,8809.18
2025-06-27,Zinc,2814.08
2025-06-30,Aluminium,2436.48
2025-06-30,Copper,8994.22
2025-06-30,Zinc,2859.82
2025-07-01,Aluminium,2403.42
2025-07-01,Copper,9018.05
2025-07-01,Zinc,2853.68
2025-07-02,Aluminium,2398.05
2025-07-02,Copper,8988.54
2025-07-02,Zinc,2844.82
2025-07-03,Aluminium,2402.57
2025-07-03,Copper,9043.51
2025-07-03,Zinc,2861.96
2025-07-04,Aluminium,2437.63
2025-07-04,Copper,9000.54
2025-07-04,Zinc,2855.25
2025-07-07,Aluminium,2396.21
2025-07-07,Copper,8884.91
2025-07-07,Zinc,2853.35
2025-07-08,Aluminium,2415.21
2025-07-08,Copper,8922.24
2025-07-08,Zinc,2840.41
2025-07-09,Aluminium,2424.72
2025-07-09,Copper,8915.35
2025-07-09,Zinc,2792.07
2025-07-10,Aluminium,2454.33
2025-07-10,Copper,8939.22
2025-07-10,Zinc,2783.64
2025-07-11,Aluminium,2464.62
2025-07-11,Copper,8980.68
2025-07-11,Zinc,2741.81
2025-07-14,Aluminium,2459.76
2025-07-14,Copper,8940.74
2025-07-14,Zinc,2743.39
2025-07-15,Aluminium,2442.47
2025-07-15,Copper,8986.26
2025-07-15,Zinc,2702.91
2025-07-16,Aluminium,2410.23
2025-07-16,Copper,9148.03
2025-07-16,Zinc,2727.47
2025-07-17,Aluminium,2411.38
2025-07-17,Copper,9044.27
2025-07-17,Zinc,2745.96
2025-07-18,Aluminium,2404.07
2025-07-18,Copper,9204.18
2025-07-18,Zinc,2749.46
2025-07-21,Aluminium,2445.01
2025-07-21,Copper,9176.56
2025-07-21,Zinc,2741.27
2025-07-22,Aluminium,2426.62
2025-07-22,Copper,9102.35
2025-07-22,Zinc,2749.1
2025-07-23,Aluminium,2429.67
2025-07-23,Copper,9323.17
2025-07-23,Zinc,2684.54
2025-07-24,Aluminium,2391.24
2025-07-24,Copper,9326.19
2025-07-24,Zinc,2650.4
2025-07-25,Aluminium,2380.63
2025-07-25,Copper,9442.4
2025-07-25,Zinc,2646.04
2025-07-28,Aluminium,2384.67
2025-07-28,Copper,9501.84
2025-07-28,Zinc,2656.29
2025-07-29,Aluminium,2400.6
2025-07-29,Copper,9321.17
2025-07-29,Zinc,2653.66
2025-07-30,Aluminium,2429.3
2025-07-30,Copper,9321.11
2025-07-30,Zinc,2624.15
2025-07-31,Aluminium,2424.24
2025-07-31,Copper,9260.82
2025-07-31,Zinc,2629.28
2025-08-01,Aluminium,2396.03
2025-08-01,Copper,9128.37
2025-08-01,Zinc,2617.19
2025-08-04,Aluminium,2403.56
2025-08-04,Copper,8965.22
2025-08-04,Zinc,2588.04
2025-08-05,Aluminium,2412.0
2025-08-05,Copper,8981.03
2025-08-05,Zinc,2600.45
2025-08-06,Aluminium,2419.49
2025-08-06,Copper,9039.91
2025-08-06,Zinc,2596.87
2025-08-07,Aluminium,2400.67
2025-08-07,Copper,9078.21
2025-08-07,Zinc,2633.65
2025-08-08,Aluminium,2422.57
2025-08-08,Copper,9051.54
2025-08-08,Zinc,2653.75
2025-08-11,Aluminium,2420.74
2025-08-11,Copper,8981.67
2025-08-11,Zinc,2675.01
2025-08-12,Aluminium,2432.35
2025-08-12,Copper,8898.87
2025-08-12,Zinc,2683.21
2025-08-13,Aluminium,2455.98
2025-08-13,Copper,8859.3
2025-08-13,Zinc,2656.58
2025-08-14,Aluminium,2463.9
2025-08-14,Copper,8779.5
2025-08-14,Zinc,2628.91
2025-08-15,Aluminium,2464.29
2025-08-15,Copper,8777.11
2025-08-15,Zinc,2587.41
2025-08-18,Aluminium,2506.04
2025-08-18,Copper,8790.68
2025-08-18,Zinc,2672.41
2025-08-19,Aluminium,2503.22
2025-08-19,Copper,8726.85
2025-08-19,Zinc,2639.55
2025-08-20,Aluminium,2488.39
2025-08-20,Copper,8724.49
2025-08-20,Zinc,2633.98
2025-08-21,Aluminium,2483.57
2025-08-21,Copper,8676.16
2025-08-21,Zinc,2624.33
2025-08-22,Aluminium,2509.65
2025-08-22,Copper,8695.98
2025-08-22,Zinc,2617.49
2025-08-25,Aluminium,2503.81
2025-08-25,Copper,8759.38
2025-08-25,Zinc,2602.28
2025-08-26,Aluminium,2507.32
2025-08-26,Copper,8791.37
2025-08-26,Zinc,2551.14
2025-08-27,Aluminium,2525.91
2025-08-27,Copper,8847.79
2025-08-27,Zinc,2527.89
2025-08-28,Aluminium,2504.8
2025-08-28,Copper,8713.88
2025-08-28,Zinc,2495.04
2025-08-29,Aluminium,2457.63
2025-08-29,Copper,8699.37
2025-08-29,Zinc,2498.86
2025-09-01,Aluminium,2458.62
2025-09-01,Copper,8742.6
2025-09-01,Zinc,2487.17
2025-09-02,Aluminium,2458.02
2025-09-02,Copper,8815.82
2025-09-02,Zinc,2476.02
2025-09-03,Aluminium,2438.92
2025-09-03,Copper,8688.71
2025-09-03,Zinc,2490.02
2025-09-04,Aluminium,2453.43
2025-09-04,Copper,8722.17
2025-09-04,Zinc,2481.58
2025-09-05,Aluminium,2461.45
2025-09-05,Copper,8845.51
2025-09-05,Zinc,2514.91
2025-09-08,Aluminium,2433.57
2025-09-08,Copper,8842.08
2025-09-08,Zinc,2510.63
2025-09-09,Aluminium,2440.59
2025-09-09,Copper,8846.23
2025-09-09,Zinc,2523.45
2025-09-10,Aluminium,2431.58
2025-09-10,Copper,8898.41
2025-09-10,Zinc,2492.69
2025-09-11,Aluminium,2394.9
2025-09-11,Copper,8930.26
2025-09-11,Zinc,2518.1
2025-09-12,Aluminium,2402.38
2025-09-12,Copper,8998.83
2025-09-12,Zinc,2513.14
2025-09-15,Aluminium,2398.72
2025-09-15,Copper,9010.35
2025-09-15,Zinc,2530.93
2025-09-16,Aluminium,2380.15
2025-09-16,Copper,9028.53
2025-09-16,Zinc,2545.81
2025-09-17,Aluminium,2389.82
2025-09-17,Copper,8961.43
2025-09-17,Zinc,2545.95
2025-09-18,Aluminium,2398.3
2025-09-18,Copper,8952.98
2025-09-18,Zinc,2557.04
2025-09-19,Aluminium,2383.37
2025-09-19,Copper,9072.41
2025-09-19,Zinc,2550.69
2025-09-22,Aluminium,2390.26
2025-09-22,Copper,9055.26
2025-09-22,Zinc,2593.24
2025-09-23,Aluminium,2410.05
2025-09-23,Copper,9042.22
2025-09-23,Zinc,2622.67
2025-09-24,Aluminium,2391.51
2025-09-24,Copper,9000.65
2025-09-24,Zinc,2637.94
2025-09-25,Aluminium,2397.6
2025-09-25,Copper,9076.41
2025-09-25,Zinc,2604.29
2025-09-26,Aluminium,2395.23
2025-09-26,Copper,9000.01
2025-09-26,Zinc,2575.05
2025-09-29,Aluminium,2441.77
2025-09-29,Copper,9086.9
2025-09-29,Zinc,2559.89
2025-09-30,Aluminium,2396.08
2025-09-30,Copper,9002.42
2025-09-30,Zinc,2557.34
2025-10-01,Aluminium,2408.72
2025-10-01,Copper,8912.02
2025-10-01,Zinc,2574.41
2025-10-02,Aluminium,2399.08
2025-10-02,Copper,8939.58
2025-10-02,Zinc,2552.7
2025-10-03,Aluminium,2394.41
2025-10-03,Copper,8959.09
2025-10-03,Zinc,2590.43
2025-10-06,Aluminium,2433.12
2025-10-06,Copper,8992.69
2025-10-06,Zinc,2593.45
2025-10-07,Aluminium,2428.63
2025-10-07,Copper,9093.54
2025-10-07,Zinc,2538.79
2025-10-08,Aluminium,2473.55
2025-10-08,Copper,9056.35
2025-10-08,Zinc,2530.85
2025-10-09,Aluminium,2457.21
2025-10-09,Copper,9098.64
2025-10-09,Zinc,2464.57
2025-10-10,Aluminium,2459.35
2025-10-10,Copper,9015.93
2025-10-10,Zinc,2452.81
2025-10-13,Aluminium,2442.77
2025-10-13,Copper,9133.62
2025-10-13,Zinc,2447.12
2025-10-14,Aluminium,2422.76
2025-10-14,Copper,9189.7
2025-10-14,Zinc,2440.06
2025-10-15,Aluminium,2420.37
2025-10-15,Copper,9234.48
2025-10-15,Zinc,2440.99
2025-10-16,Aluminium,2410.59
2025-10-16,Copper,9245.0
2025-10-16,Zinc,2440.04
2025-10-17,Aluminium,2411.88
2025-10-17,Copper,9165.01
2025-10-17,Zinc,2433.77
2025-10-20,Aluminium,2363.01
2025-10-20,Copper,9131.73
2025-10-20,Zinc,2483.92
2025-10-21,Aluminium,2404.94
2025-10-21,Copper,9175.96
2025-10-21,Zinc,2524.9
2025-10-22,Aluminium,2398.52
2025-10-22,Copper,9170.37
2025-10-22,Zinc,2499.15
2025-10-23,Aluminium,2433.66
2025-10-23,Copper,9178.17
2025-10-23,Zinc,2540.73
2025-10-24,Aluminium,2407.27
2025-10-24,Copper,9049.42
2025-10-24,Zinc,2500.65
2025-10-27,Aluminium,2410.68
2025-10-27,Copper,9068.33
2025-10-27,Zinc,2485.29
2025-10-28,Aluminium,2476.23
2025-10-28,Copper,9007.16
2025-10-28,Zinc,2534.71
2025-10-29,Aluminium,2450.2
2025-10-29,Copper,8914.17
2025-10-29,Zinc,2477.78
2025-10-30,Aluminium,2412.0
2025-10-30,Copper,8909.49
2025-10-30,Zinc,2501.5
2025-10-31,Aluminium,2396.95
2025-10-31,Copper,8753.41
2025-10-31,Zinc,2474.02
2025-11-03,Aluminium,2404.75
2025-11-03,Copper,8831.23
2025-11-03,Zinc,2478.31
2025-11-04,Aluminium,2416.96
2025-11-04,Copper,8919.51
2025-11-04,Zinc,2481.43
2025-11-05,Aluminium,2441.58
2025-11-05,Copper,8923.59
2025-11-05,Zinc,2535.65
2025-11-06,Aluminium,2431.18
2025-11-06,Copper,8843.56
2025-11-06,Zinc,2518.51
2025-11-07,Aluminium,2391.92
2025-11-07,Copper,8772.42
2025-11-07,Zinc,2522.85
2025-11-10,Aluminium,2380.42
2025-11-10,Copper,8774.95
2025-11-10,Zinc,2546.3
2025-11-11,Aluminium,2405.45
2025-11-11,Copper,8577.94
2025-11-11,Zinc,2544.23
2025-11-12,Aluminium,2412.69
2025-11-12,Copper,8618.03
2025-11-12,Zinc,2526.3
2025-11-13,Aluminium,2366.98
2025-11-13,Copper,8698.11
2025-11-13,Zinc,2530.55
2025-11-14,Aluminium,2365.38
2025-11-14,Copper,8690.19
2025-11-14,Zinc,2538.86
2025-11-17,Aluminium,2394.37
2025-11-17,Copper,8666.79
2025-11-17,Zinc,2568.87
2025-11-18,Aluminium,2437.94
2025-11-18,Copper,8703.19
2025-11-18,Zinc,2546.15
2025-11-19,Aluminium,2445.7
2025-11-19,Copper,8752.68
2025-11-19,Zinc,2538.56
2025-11-20,Aluminium,2447.53
2025-11-20,Copper,8865.15
2025-11-20,Zinc,2552.92
2025-11-21,Aluminium,2415.13
2025-11-21,Copper,8878.22
2025-11-21,Zinc,2552.9
2025-11-24,Aluminium,2393.45
2025-11-24,Copper,8827.8
2025-11-24,Zinc,2552.38
2025-11-25,Aluminium,2392.25
2025-11-25,Copper,8800.29
2025-11-25,Zinc,2556.6
2025-11-26,Aluminium,2400.94
2025-11-26,Copper,8830.79
2025-11-26,Zinc,2541.54
2025-11-27,Aluminium,2410.87
2025-11-27,Copper,8981.28
2025-11-27,Zinc,2524.38
2025-11-28,Aluminium,2397.37
2025-11-28,Copper,8958.37
2025-11-28,Zinc,2542.6
2025-12-01,Aluminium,2370.1
2025-12-01,Copper,8871.05
2025-12-01,Zinc,2517.13
2025-12-02,Aluminium,2352.5
2025-12-02,Copper,8805.03
2025-12-02,Zinc,2555.7
2025-12-03,Aluminium,2327.88
2025-12-03,Copper,8634.71
2025-12-03,Zinc,2566.36
2025-12-04,Aluminium,2342.45
2025-12-04,Copper,8685.27
2025-12-04,Zinc,2534.37
2025-12-05,Aluminium,2294.08
2025-12-05,Copper,8586.82
2025-12-05,Zinc,2547.79
2025-12-08,Aluminium,2289.93
2025-12-08,Copper,8505.11
2025-12-08,Zinc,2557.39
2025-12-09,Aluminium,2302.13
2025-12-09,Copper,8364.85
2025-12-09,Zinc,2583.3
2025-12-10,Aluminium,2336.01
2025-12-10,Copper,8305.12
2025-12-10,Zinc,2619.48
2025-12-11,Aluminium,2338.2
2025-12-11,Copper,8388.6
2025-12-11,Zinc,2610.43
2025-12-12,Aluminium,2359.86
2025-12-12,Copper,8311.39
2025-12-12,Zinc,2592.06
2025-12-15,Aluminium,2350.89
2025-12-15,Copper,8201.98
2025-12-15,Zinc,2577.62
2025-12-16,Aluminium,2335.09
2025-12-16,Copper,8257.07
2025-12-16,Zinc,2553.32
2025-12-17,Aluminium,2321.66
2025-12-17,Copper,8267.14
2025-12-17,Zinc,2537.01
2025-12-18,Aluminium,2354.98
2025-12-18,Copper,8340.7
2025-12-18,Zinc,2550.36
2025-12-19,Aluminium,2375.8
2025-12-19,Copper,8437.27
2025-12-19,Zinc,2555.58
2025-12-22,Aluminium,2384.92
2025-12-22,Copper,8467.28
2025-12-22,Zinc,2546.32
2025-12-23,Aluminium,2454.63
2025-12-23,Copper,8386.83
2025-12-23,Zinc,2530.62
2025-12-24,Aluminium,2448.45
2025-12-24,Copper,8409.31
2025-12-24,Zinc,2546.01
2025-12-25,Aluminium,2456.99
2025-12-25,Copper,8483.29
2025-12-25,Zinc,2536.96
2025-12-26,Aluminium,2458.2
2025-12-26,Copper,8462.58
2025-12-26,Zinc,2513.34
2025-12-29,Aluminium,2447.63
2025-12-29,Copper,8370.57
2025-12-29,Zinc,2515.63
2025-12-30,Aluminium,2493.57
2025-12-30,Copper,8496.41
2025-12-30,Zinc,2514.69
2025-12-31,Aluminium,2519.76
2025-12-31,Copper,8489.31
2025-12-31,Zinc,2491.51
2026-01-01,Aluminium,2478.92
2026-01-01,Copper,8483.06
2026-01-01,Zinc,2521.63
2026-01-02,Aluminium,2463.2
2026-01-02,Copper,8513.17
2026-01-02,Zinc,2551.2
2026-01-05,Aluminium,2466.77
2026-01-05,Copper,8628.34
2026-01-05,Zinc,2557.11
2026-01-06,Aluminium,2478.03
2026-01-06,Copper,8673.45
2026-01-06,Zinc,2565.27
2026-01-07,Aluminium,2441.2
2026-01-07,Copper,8664.87
2026-01-07,Zinc,2584.25
2026-01-08,Aluminium,2386.91
2026-01-08,Copper,8744.7
2026-01-08,Zinc,2586.58
2026-01-09,Aluminium,2344.08
2026-01-09,Copper,8949.52
2026-01-09,Zinc,2615.04
2026-01-12,Aluminium,2342.88
2026-01-12,Copper,9081.12
2026-01-12,Zinc,2664.4
2026-01-13,Aluminium,2341.05
2026-01-13,Copper,9143.16
2026-01-13,Zinc,2666.03
2026-01-14,Aluminium,2348.77
2026-01-14,Copper,9038.38
2026-01-14,Zinc,2678.14
2026-01-15,Aluminium,2332.57
2026-01-15,Copper,9380.57
2026-01-15,Zinc,2702.45
2026-01-16,Aluminium,2307.73
2026-01-16,Copper,9253.67
2026-01-16,Zinc,2689.72
2026-01-19,Aluminium,2267.79
2026-01-19,Copper,9211.45
2026-01-19,Zinc,2654.32
2026-01-20,Aluminium,2278.47
2026-01-20,Copper,9141.34
2026-01-20,Zinc,2680.56
2026-01-21,Aluminium,2289.53
2026-01-21,Copper,9287.98
2026-01-21,Zinc,2632.76
2026-01-22,Aluminium,2312.94
2026-01-22,Copper,9317.42
2026-01-22,Zinc,2685.42
2026-01-23,Aluminium,2331.22
2026-01-23,Copper,9173.32
2026-01-23,Zinc,2709.34
2026-01-26,Aluminium,2328.15
2026-01-26,Copper,9194.17
2026-01-26,Zinc,2711.9
2026-01-27,Aluminium,2357.51
2026-01-27,Copper,9239.7
2026-01-27,Zinc,2710.25
2026-01-28,Aluminium,2354.24
2026-01-28,Copper,9203.18
2026-01-28,Zinc,2759.39
2026-01-29,Aluminium,2340.02
2026-01-29,Copper,9085.66
2026-01-29,Zinc,2724.97
2026-01-30,Aluminium,2329.55
2026-01-30,Copper,9020.5
2026-01-30,Zinc,2686.34
2026-02-02,Aluminium,2318.31
2026-02-02,Copper,8985.04
2026-02-02,Zinc,2666.82
2026-02-03,Aluminium,2274.68
2026-02-03,Copper,8992.76
2026-02-03,Zinc,2658.3
2026-02-04,Aluminium,2281.53
2026-02-04,Copper,8951.3
2026-02-04,Zinc,2628.45
2026-02-05,Aluminium,2289.98
2026-02-05,Copper,9024.43
2026-02-05,Zinc,2633.97
2026-02-06,Aluminium,2285.44
2026-02-06,Copper,8942.45
2026-02-06,Zinc,2638.7
2026-02-09,Aluminium,2273.9
2026-02-09,Copper,8795.36
2026-02-09,Zinc,2615.64
2026-02-10,Aluminium,2285.19
2026-02-10,Copper,8745.05
2026-02-10,Zinc,2663.46
2026-02-11,Aluminium,2323.65
2026-02-11,Copper,8880.07
2026-02-11,Zinc,2622.0
2026-02-12,Aluminium,2325.75
2026-02-12,Copper,8839.9
2026-02-12,Zinc,2586.56
2026-02-13,Aluminium,2316.33
2026-02-13,Copper,9059.46
2026-02-13,Zinc,2600.36
2026-02-16,Aluminium,2305.66
2026-02-16,Copper,9106.0
2026-02-16,Zinc,2596.86
2026-02-17,Aluminium,2306.38
2026-02-17,Copper,8999.67
2026-02-17,Zinc,2611.4
2026-02-18,Aluminium,2282.27
2026-02-18,Copper,8929.55
2026-02-18,Zinc,2595.52
2026-02-19,Aluminium,2282.99
2026-02-19,Copper,8959.64
2026-02-19,Zinc,2568.68
2026-02-20,Aluminium,2287.5
2026-02-20,Copper,8861.04
2026-02-20,Zinc,2554.38
2026-02-23,Aluminium,2328.52
2026-02-23,Copper,9083.09
2026-02-23,Zinc,2539.78
2026-02-24,Aluminium,2349.36
2026-02-24,Copper,8993.93
2026-02-24,Zinc,2559.73
2026-02-25,Aluminium,2371.25
2026-02-25,Copper,9060.41
2026-02-25,Zinc,2550.58
2026-02-26,Aluminium,2354.96
2026-02-26,Copper,9194.68
2026-02-26,Zinc,2576.73
2026-02-27,Aluminium,2368.91
2026-02-27,Copper,9179.85
2026-02-27,Zinc,2596.96
2026-03-02,Aluminium,2343.67
2026-03-02,Copper,9084.41
2026-03-02,Zinc,2629.28
2026-03-03,Aluminium,2350.56
2026-03-03,Copper,9060.38
2026-03-03,Zinc,2656.36
2026-03-04,Aluminium,2359.39
2026-03-04,Copper,9095.17
2026-03-04,Zinc,2678.96
2026-03-05,Aluminium,2342.65
2026-03-05,Copper,9175.06
2026-03-05,Zinc,2700.18
2026-03-06,Aluminium,2385.17
2026-03-06,Copper,9176.48
2026-03-06,Zinc,2682.28
2026-03-09,Aluminium,2395.56
2026-03-09,Copper,9044.13
2026-03-09,Zinc,2672.92
2026-03-10,Aluminium,2352.22
2026-03-10,Copper,9050.74
2026-03-10,Zinc,2617.95
2026-03-11,Aluminium,2363.81
2026-03-11,Copper,8992.24
2026-03-11,Zinc,2627.94
2026-03-12,Aluminium,2354.45
2026-03-12,Copper,8801.25
2026-03-12,Zinc,2609.56
2026-03-13,Aluminium,2354.26
2026-03-13,Copper,8754.3
2026-03-13,Zinc,2623.07
2026-03-16,Aluminium,2363.91
2026-03-16,Copper,8645.53
2026-03-16,Zinc,2639.63
2026-03-17,Aluminium,2371.52
2026-03-17,Zinc,2600.88
2026-03-18,Aluminium,2326.91
2026-03-18,Copper,8905.65
2026-03-18,Zinc,2574.29
2026-03-19,Aluminium,2303.8
2026-03-19,Copper,9080.69
2026-03-19,Zinc,2568.07
2026-03-20,Aluminium,2322.08
2026-03-20,Copper,9029.6
2026-03-20,Zinc,2557.42
2026-03-23,Aluminium,2350.65
2026-03-23,Copper,8990.89
2026-03-23,Zinc,2566.59
2026-03-24,Aluminium,2390.88
2026-03-24,Copper,9058.21
2026-03-24,Zinc,2538.01
2026-03-25,Aluminium,2427.61
2026-03-25,Copper,9156.42
2026-03-25,Zinc,2544.69
2026-03-26,Aluminium,2378.69
2026-03-26,Copper,9115.24
2026-03-26,Zinc,2502.48
2026-03-27,Aluminium,2393.71
2026-03-27,Copper,9101.48
2026-03-27,Zinc,2450.12
2026-03-30,Aluminium,2350.2
2026-03-30,Copper,9302.27
2026-03-30,Zinc,2478.68
2026-03-31,Aluminium,2384.32
2026-03-31,Copper,9281.93
2026-03-31,Zinc,2451.1
2026-04-01,Aluminium,2388.01
2026-04-01,Copper,9227.61
2026-04-01,Zinc,2445.2
2026-04-02,Aluminium,2361.56
2026-04-02,Copper,9232.2
2026-04-02,Zinc,2416.53
2026-04-03,Aluminium,2403.69
2026-04-03,Copper,9279.02
2026-04-03,Zinc,2389.72
2026-04-06,Aluminium,2414.88
2026-04-06,Copper,9175.09
2026-04-06,Zinc,2390.97
2026-04-07,Aluminium,2370.44
2026-04-07,Copper,9148.51
2026-04-07,Zinc,2391.87
2026-04-08,Aluminium,2375.67
2026-04-08,Copper,9039.37
2026-04-08,Zinc,2429.37
2026-04-09,Aluminium,2358.74
2026-04-09,Copper,9017.23
2026-04-09,Zinc,2451.5
2026-04-10,Aluminium,2360.67
2026-04-10,Copper,9190.58
2026-04-10,Zinc,2453.64
2026-04-13,Aluminium,2350.25
2026-04-13,Copper,9254.17
2026-04-13,Zinc,2483.18
2026-04-14,Aluminium,2379.29
2026-04-14,Copper,9237.77
2026-04-14,Zinc,2521.49
2026-04-15,Aluminium,2347.33
2026-04-15,Copper,9144.58
2026-04-15,Zinc,2539.01
2026-04-16,Aluminium,2354.17
2026-04-16,Copper,9113.86
2026-04-16,Zinc,2532.98
2026-04-17,Aluminium,2392.4
2026-04-17,Copper,9208.93
2026-04-17,Zinc,2566.96
2026-04-20,Aluminium,2372.43
2026-04-20,Copper,9151.69
2026-04-20,Zinc,2620.92
2026-04-21,Aluminium,2375.8
2026-04-21,Copper,9281.83
2026-04-21,Zinc,2641.4
2026-04-22,Aluminium,2378.81
2026-04-22,Copper,9145.06
2026-04-22,Zinc,2693.27
2026-04-23,Aluminium,2362.59
2026-04-23,Copper,9116.27
2026-04-23,Zinc,2718.53
2026-04-24,Aluminium,2375.73
2026-04-24,Copper,9274.33
2026-04-24,Zinc,2740.4
2026-04-27,Aluminium,2376.51
2026-04-27,Copper,9079.23
2026-04-27,Zinc,2702.86
2026-04-28,Aluminium,2354.98
2026-04-28,Copper,9188.17
2026-04-28,Zinc,2667.06
2026-04-29,Aluminium,2392.08
2026-04-29,Copper,9013.61
2026-04-29,Zinc,2664.75
2026-04-30,Aluminium,2406.98
2026-04-30,Copper,9009.77
2026-04-30,Zinc,2615.07
2026-05-01,Aluminium,2400.44
2026-05-01,Copper,8998.69
2026-05-01,Zinc,2599.74
2026-05-04,Aluminium,2384.11
2026-05-04,Copper,9077.87
2026-05-04,Zinc,2627.0
2026-05-05,Aluminium,2365.55
2026-05-05,Copper,8792.61
2026-05-05,Zinc,2608.92
2026-05-06,Aluminium,2390.97
2026-05-06,Copper,8638.84
2026-05-06,Zinc,2626.25
2026-05-07,Aluminium,2385.74
2026-05-07,Copper,8611.83
2026-05-07,Zinc,2588.39
2026-05-08,Aluminium,2393.79
2026-05-08,Copper,8638.11
2026-05-08,Zinc,2577.34
2026-05-11,Aluminium,2387.58
2026-05-11,Copper,8582.87
2026-05-11,Zinc,2609.89
2026-05-12,Aluminium,2398.92
2026-05-12,Copper,8588.3
2026-05-12,Zinc,2617.85
2026-05-13,Aluminium,2393.92
2026-05-13,Copper,8510.58
2026-05-13,Zinc,2627.8
2026-05-14,Aluminium,2408.14
2026-05-14,Copper,8503.99
2026-05-14,Zinc,2678.18
2026-05-15,Aluminium,2401.19
2026-05-15,Copper,8459.83
2026-05-15,Zinc,2714.96
2026-05-18,Aluminium,2416.5
2026-05-18,Copper,8510.23
2026-05-18,Zinc,2685.44
2026-05-19,Aluminium,2427.71
2026-05-19,Copper,8587.29
2026-05-19,Zinc,2722.58
2026-05-20,Aluminium,2421.14
2026-05-20,Copper,8734.53
2026-05-20,Zinc,2700.42
2026-05-21,Aluminium,2398.74
2026-05-21,Copper,8694.73
2026-05-21,Zinc,2697.33
2026-05-22,Aluminium,2375.96
2026-05-22,Copper,8686.44
2026-05-22,Zinc,2695.37
2026-05-25,Aluminium,2358.81
2026-05-25,Copper,8710.33
2026-05-25,Zinc,2724.88
2026-05-26,Aluminium,2337.47
2026-05-26,Copper,8703.29
2026-05-26,Zinc,2687.18
2026-05-27,Aluminium,2356.3
2026-05-27,Copper,8717.74
2026-05-27,Zinc,2698.65
2026-05-28,Aluminium,2355.0
2026-05-28,Copper,8599.86
2026-05-28,Zinc,2711.73
2026-05-29,Aluminium,2388.03
2026-05-29,Copper,8655.46
2026-05-29,Zinc,2732.78
2026-06-01,Aluminium,2435.08
2026-06-01,Copper,8597.39
2026-06-01,Zinc,2722.19
2026-06-02,Aluminium,2431.21
2026-06-02,Copper,8538.86
2026-06-02,Zinc,2748.53
2026-06-03,Aluminium,2393.13
2026-06-03,Copper,8429.58
2026-06-03,Zinc,2721.9
2026-06-04,Aluminium,2382.72
2026-06-04,Copper,8558.5
2026-06-04,Zinc,2752.56
2026-06-05,Aluminium,2379.45
2026-06-05,Copper,8571.93
2026-06-05,Zinc,2757.89
2026-06-08,Aluminium,2346.08
2026-06-08,Copper,8695.33
2026-06-08,Zinc,2709.81
2026-06-09,Aluminium,2340.99
2026-06-09,Copper,8738.34
2026-06-09,Zinc,2718.91
2026-06-10,Aluminium,2347.48
2026-06-10,Copper,8606.86
2026-06-10,Zinc,2720.73
2026-06-11,Aluminium,2337.9
2026-06-11,Copper,8536.91
2026-06-11,Zinc,2706.46
2026-06-12,Aluminium,2322.33
2026-06-12,Copper,8628.03
2026-06-12,Zinc,2681.66
2026-06-15,Aluminium,2307.84
2026-06-15,Copper,8584.34
2026-06-15,Zinc,2672.97
2026-06-16,Aluminium,2347.02
2026-06-16,Copper,8515.06
2026-06-16,Zinc,2629.41
2026-06-17,Aluminium,2343.8
2026-06-17,Copper,8527.15
2026-06-17,Zinc,2679.33
2026-06-18,Aluminium,2326.6
2026-06-18,Copper,8538.9
2026-06-18,Zinc,2644.6
2026-06-19,Aluminium,2319.95
2026-06-19,Copper,8478.83
2026-06-19,Zinc,2625.63
2026-06-22,Aluminium,2341.36
2026-06-22,Copper,8480.11
2026-06-22,Zinc,2659.9
2026-06-23,Aluminium,2327.36
2026-06-23,Copper,8468.42
2026-06-23,Zinc,2676.52
2026-06-24,Aluminium,2338.58
2026-06-24,Copper,8278.47
2026-06-24,Zinc,2696.39
2026-06-25,Aluminium,2354.47
2026-06-25,Copper,8357.45
2026-06-25,Zinc,2739.01
2026-06-26,Aluminium,2370.12
2026-06-26,Copper,8323.74
2026-06-26,Zinc,2725.01
2026-06-29,Aluminium,2398.96
2026-06-29,Copper,8467.82
2026-06-29,Zinc,2689.78
2026-06-30,Aluminium,2384.57
2026-06-30,Copper,8399.84
2026-06-30,Zinc,2712.75
2026-07-01,Aluminium,2407.13
2026-07-01,Copper,8299.48
2026-07-01,Zinc,2733.29
2026-07-02,Aluminium,2387.03
2026-07-02,Copper,8434.55
2026-07-02,Zinc,2719.17
2026-07-03,Aluminium,2376.63
2026-07-03,Copper,8331.69
2026-07-03,Zinc,2677.77
2026-07-06,Aluminium,2400.87
2026-07-06,Copper,8313.86
2026-07-06,Zinc,2712.86
2026-07-07,Aluminium,2416.04
2026-07-07,Copper,8399.43
2026-07-07,Zinc,2726.83
2026-07-08,Aluminium,2412.69
2026-07-08,Copper,8404.08
2026-07-08,Zinc,2681.68
2026-07-09,Aluminium,2383.6
2026-07-09,Copper,8297.09
2026-07-09,Zinc,2703.08
2026-07-10,Aluminium,2393.94
2026-07-10,Copper,8349.29
2026-07-10,Zinc,2657.53
2026-07-13,Aluminium,2378.12
2026-07-13,Copper,8367.51
2026-07-13,Zinc,2643.04
2026-07-14,Aluminium,2356.93
2026-07-14,Copper,8508.61
2026-07-14,Zinc,2610.73
2026-07-15,Aluminium,2342.83
2026-07-15,Copper,8586.34
2026-07-15,Zinc,2594.35
2026-07-16,Aluminium,2348.39
2026-07-16,Copper,8871.23
2026-07-16,Zinc,2573.29
2026-07-17,Aluminium,2303.64
2026-07-17,Copper,8736.37
2026-07-17,Zinc,2559.66
2026-07-20,Aluminium,2365.17
2026-07-20,Copper,8751.93
2026-07-20,Zinc,2584.41
2026-07-21,Aluminium,2368.87
2026-07-21,Copper,8675.32
2026-07-21,Zinc,2595.99
2026-07-22,Aluminium,2360.08
2026-07-22,Copper,8795.74
2026-07-22,Zinc,2616.59
2026-07-23,Aluminium,2402.29
2026-07-23,Copper,8882.73
2026-07-23,Zinc,2649.68
2026-07-24,Aluminium,2414.77
2026-07-24,Copper,8960.31
2026-07-24,Zinc,2638.83
2026-07-27,Aluminium,2400.61
2026-07-27,Copper,8897.54
2026-07-27,Zinc,2641.7
2026-07-28,Aluminium,2388.15
2026-07-28,Copper,8841.14
2026-07-28,Zinc,2657.76
2026-07-29,Aluminium,2425.24
2026-07-29,Copper,8674.27
2026-07-29,Zinc,2707.26
2026-07-30,Aluminium,2391.77
2026-07-30,Copper,8842.84
2026-07-30,Zinc,2731.11
2026-07-31,Aluminium,2417.94
2026-07-31,Copper,8900.28
2026-07-31,Zinc,2768.44
2026-08-03,Aluminium,2418.9
2026-08-03,Copper,8886.83
2026-08-03,Zinc,2793.28
2026-08-04,Aluminium,2441.77
2026-08-04,Copper,8980.2
2026-08-04,Zinc,2818.22
2026-08-05,Aluminium,2452.41
2026-08-05,Copper,9053.54
2026-08-05,Zinc,2753.95
2026-08-06,Aluminium,2456.09
2026-08-06,Copper,9144.15
2026-08-06,Zinc,2775.23
2026-08-07,Aluminium,2487.95
2026-08-07,Copper,8993.47
2026-08-07,Zinc,2775.17
2026-08-10,Aluminium,2492.17
2026-08-10,Copper,8934.54
2026-08-10,Zinc,2770.27
2026-08-11,Aluminium,2484.39
2026-08-11,Copper,8960.12
2026-08-11,Zinc,2747.92
2026-08-12,Aluminium,2458.28
2026-08-12,Copper,8998.85
2026-08-12,Zinc,2729.99
2026-08-13,Aluminium,2509.08
2026-08-13,Copper,9090.0
2026-08-13,Zinc,2738.37
2026-08-14,Aluminium,2520.57
2026-08-14,Copper,8998.81
2026-08-14,Zinc,2759.1
2026-08-17,Aluminium,2552.84
2026-08-17,Copper,9015.26
2026-08-17,Zinc,2707.96
2026-08-18,Aluminium,2533.77
2026-08-18,Copper,9218.28
2026-08-18,Zinc,2711.5
2026-08-19,Aluminium,2533.83
2026-08-19,Copper,9276.07
2026-08-19,Zinc,2691.63
2026-08-20,Aluminium,2532.32
2026-08-20,Copper,9349.59
2026-08-20,Zinc,2661.36
2026-08-21,Aluminium,2536.0
2026-08-21,Copper,9338.51
2026-08-21,Zinc,2672.29
2026-08-24,Aluminium,2545.76
2026-08-24,Copper,9403.22
2026-08-24,Zinc,2661.5
2026-08-25,Aluminium,2513.64
2026-08-25,Copper,9564.28
2026-08-25,Zinc,2641.63
2026-08-26,Aluminium,2579.57
2026-08-26,Copper,9559.22
2026-08-26,Zinc,2619.7
2026-08-27,Aluminium,2594.16
2026-08-27,Copper,9663.02
2026-08-27,Zinc,2629.3
2026-08-28,Aluminium,2619.62
2026-08-28,Copper,9561.53
2026-08-28,Zinc,2630.04
2026-08-31,Aluminium,2670.81
2026-08-31,Copper,9608.16
2026-08-31,Zinc,2599.45
2026-09-01,Aluminium,2659.01
2026-09-01,Copper,9684.57
2026-09-01,Zinc,2577.88
2026-09-02,Aluminium,2655.03
2026-09-02,Copper,9599.04
2026-09-02,Zinc,2576.21
2026-09-03,Aluminium,2652.75
2026-09-03,Copper,9697.95
2026-09-03,Zinc,2591.28
2026-09-04,Aluminium,2697.11
2026-09-04,Copper,9622.59
2026-09-04,Zinc,2564.23
2026-09-07,Aluminium,2651.15
2026-09-07,Copper,9540.85
2026-09-07,Zinc,2582.15
2026-09-08,Aluminium,2661.59
2026-09-08,Copper,9571.74
2026-09-08,Zinc,2562.05
2026-09-09,Aluminium,2625.05
2026-09-09,Copper,9791.13
2026-09-09,Zinc,2643.17
2026-09-10,Aluminium,2581.87
2026-09-10,Copper,9813.69
2026-09-10,Zinc,2616.15
2026-09-11,Aluminium,2602.59
2026-09-11,Copper,9898.39
2026-09-11,Zinc,2595.09
2026-09-14,Aluminium,2625.26
2026-09-14,Copper,9816.17
2026-09-14,Zinc,2603.31
2026-09-15,Aluminium,2691.49
2026-09-15,Copper,9819.96
2026-09-15,Zinc,2579.77
2026-09-16,Aluminium,2669.54
2026-09-16,Copper,9702.12
2026-09-16,Zinc,2606.67
2026-09-17,Aluminium,2675.39
2026-09-17,Copper,9751.76
2026-09-17,Zinc,2660.45
2026-09-18,Aluminium,2660.25
2026-09-18,Copper,9923.72
2026-09-18,Zinc,2648.59
2026-09-21,Aluminium,2710.74
2026-09-21,Copper,9917.47
2026-09-21,Zinc,2653.69
2026-09-22,Aluminium,2683.49
2026-09-22,Copper,10060.97
2026-09-22,Zinc,2638.39
2026-09-23,Aluminium,2743.11
2026-09-23,Copper,10034.62
2026-09-23,Zinc,2638.97
2026-09-24,Aluminium,2717.35
2026-09-24,Copper,10011.82
2026-09-24,Zinc,2681.08
2026-09-25,Aluminium,2707.24
2026-09-25,Copper,10139.55
2026-09-25,Zinc,2705.88
2026-06-10,Aluminium,2389.73
