Month;PA66 EUR/kg;Basis
Jan-25;3,114;contract
Feb-25;3,169;contract
Mar-25;3,143;contract
Apr-25;3,127;contract
May-25;3,112;contract
Jun-25;3,132;contract
Jul-25;3,091;contract
Aug-25;3,068;contract
Sep-25;3,121;contract
Oct-25;3,097;contract
Nov-25;3,033;contract
Dec-25;3,112;contract
Jan-26;3,115;contract
Feb-26;3,082;contract
Mar-26;3,108;contract
Apr-26;3,088;contract
May-26;3,112;contract
Jun-26;3,146;contract
Jul-26;3,130;contract
Aug-26;3,174;contract
Sep-26;3,274;contract
