Date,Settle (USc/kg)
01/01/2025,171.1
01/02/2025,172.1
01/03/2025,169.5
01/06/2025,170.2
01/07/2025,170.1
01/08/2025,168.7
01/09/2025,171.7
01/10/2025,172.0
01/13/2025,173.0
01/14/2025,176.4
01/15/2025,175.3
01/16/2025,174.4
01/17/2025,176.3
01/20/2025,174.1
01/21/2025,174.0
01/22/2025,173.9
01/23/2025,175.0
01/24/2025,175.3
01/27/2025,173.8
01/28/2025,174.9
01/29/2025,175.9
01/30/2025,174.1
01/31/2025,172.9
02/03/2025,172.0
02/04/2025,170.4
02/05/2025,171.8
02/06/2025,171.3
02/07/2025,170.8
02/10/2025,169.4
02/11/2025,168.8
02/12/2025,170.9
02/13/2025,171.9
02/14/2025,169.6
02/17/2025,168.2
02/18/2025,169.2
02/19/2025,168.6
02/20/2025,167.9
02/21/2025,166.8
02/24/2025,165.2
02/25/2025,165.6
02/26/2025,165.3
02/27/2025,167.0
02/28/2025,167.1
03/03/2025,165.9
03/04/2025,167.0
03/05/2025,169.0
03/06/2025,168.0
03/07/2025,165.9
03/10/2025,165.4
03/11/2025,163.9
03/12/2025,166.3
03/13/2025,164.6
03/14/2025,164.5
03/17/2025,166.7
03/18/2025,168.0
03/19/2025,167.4
03/20/2025,166.5
03/21/2025,166.4
03/24/2025,166.3
03/25/2025,168.4
03/26/2025,168.3
03/27/2025,166.6
03/28/2025,168.1
03/31/2025,169.6
04/01/2025,169.3
04/02/2025,170.3
04/03/2025,170.4
04/04/2025,168.7
04/07/2025,168.7
04/08/2025,167.2
04/09/2025,166.5
04/10/2025,165.4
04/11/2025,166.1
04/14/2025,166.5
04/15/2025,164.9
04/16/2025,164.0
04/17/2025,164.3
04/18/2025,165.1
04/21/2025,165.5
04/22/2025,162.8
04/23/2025,164.8
04/24/2025,167.4
04/25/2025,169.6
04/28/2025,170.4
04/29/2025,171.3
04/30/2025,170.3
05/01/2025,170.6
05/02/2025,169.0
05/05/2025,169.2
05/06/2025,167.3
05/07/2025,168.2
05/08/2025,167.8
05/09/2025,169.0
05/12/2025,169.3
05/13/2025,168.7
05/14/2025,169.9
05/15/2025,168.3
05/16/2025,168.0
05/19/2025,167.4
05/20/2025,168.5
05/21/2025,168.5
05/22/2025,168.9
05/23/2025,169.7
05/26/2025,166.5
05/27/2025,165.5
05/28/2025,165.8
05/29/2025,167.4
05/30/2025,168.3
06/02/2025,170.1
06/03/2025,169.8
06/04/2025,170.0
06/05/2025,169.3
06/06/2025,168.7
06/09/2025,167.7
06/10/2025,167.1
06/11/2025,167.0
06/12/2025,166.2
06/13/2025,166.5
06/16/2025,164.2
06/17/2025,165.0
06/18/2025,165.5
06/19/2025,166.3
06/20/2025,165.9
06/23/2025,165.4
06/24/2025,166.9
06/25/2025,166.9
06/26/2025,169.7
06/27/2025,167.8
06/30/2025,167.6
07/01/2025,166.2
07/02/2025,165.3
07/03/2025,164.5
07/04/2025,164.1
07/07/2025,165.4
07/08/2025,164.2
07/09/2025,165.2
07/10/2025,163.6
07/11/2025,163.3
07/14/2025,165.4
07/15/2025,166.2
07/16/2025,166.8
07/17/2025,167.8
07/18/2025,168.7
07/21/2025,169.6
07/22/2025,171.5
07/23/2025,170.0
07/24/2025,169.9
07/25/2025,170.8
07/28/2025,171.8
07/29/2025,172.4
07/30/2025,174.1
07/31/2025,173.2
08/01/2025,171.2
08/04/2025,172.9
08/05/2025,172.7
08/06/2025,171.8
08/07/2025,171.8
08/08/2025,171.1
08/11/2025,172.4
08/12/2025,173.5
08/13/2025,173.8
08/14/2025,174.3
08/15/2025,174.2
08/18/2025,175.4
08/19/2025,171.8
08/20/2025,170.1
08/21/2025,170.0
08/22/2025,169.5
08/25/2025,168.2
08/26/2025,169.1
08/27/2025,167.8
08/28/2025,168.2
08/29/2025,168.5
09/01/2025,168.6
09/02/2025,167.6
09/03/2025,167.5
09/04/2025,169.2
09/05/2025,170.0
09/08/2025,171.3
09/09/2025,171.1
09/10/2025,168.7
09/11/2025,168.2
09/12/2025,168.1
09/15/2025,169.9
09/16/2025,171.5
09/17/2025,172.0
09/18/2025,170.7
09/19/2025,170.8
09/22/2025,170.4
09/23/2025,170.1
09/24/2025,168.4
09/25/2025,169.1
09/26/2025,169.1
09/29/2025,170.2
09/30/2025,168.2
10/01/2025,166.8
10/02/2025,171.8
10/03/2025,170.5
10/06/2025,170.9
10/07/2025,171.4
10/08/2025,170.0
10/09/2025,172.4
10/10/2025,172.2
10/13/2025,172.3
10/14/2025,174.7
10/15/2025,173.3
10/16/2025,172.5
10/17/2025,171.9
10/20/2025,169.9
10/21/2025,170.3
10/22/2025,170.9
10/23/2025,171.1
10/24/2025,171.9
10/27/2025,173.0
10/28/2025,173.3
10/29/2025,172.8
10/30/2025,174.4
10/31/2025,173.2
11/03/2025,175.0
11/04/2025,174.4
11/05/2025,175.3
11/06/2025,177.6
11/07/2025,174.0
11/10/2025,173.5
11/11/2025,172.7
11/12/2025,175.0
11/13/2025,174.1
11/14/2025,177.7
11/17/2025,175.2
11/18/2025,175.4
11/19/2025,174.6
11/20/2025,175.0
11/21/2025,174.0
11/24/2025,173.1
11/25/2025,170.5
11/26/2025,170.6
11/27/2025,168.5
11/28/2025,166.8
12/01/2025,167.1
12/02/2025,167.1
12/03/2025,168.6
12/04/2025,166.8
12/05/2025,167.6
12/08/2025,168.1
12/09/2025,167.8
12/10/2025,166.8
12/11/2025,166.9
12/12/2025,168.2
12/15/2025,167.8
12/16/2025,169.0
12/17/2025,168.7
12/18/2025,171.1
12/19/2025,171.1
12/22/2025,170.8
12/23/2025,168.6
12/24/2025,166.7
12/25/2025,167.4
12/26/2025,167.2
12/29/2025,167.7
12/30/2025,166.9
12/31/2025,166.9
01/01/2026,166.2
01/02/2026,166.8
01/05/2026,166.6
01/06/2026,169.3
01/07/2026,168.4
01/08/2026,170.0
01/09/2026,168.5
01/12/2026,168.0
01/13/2026,166.9
01/14/2026,168.8
01/15/2026,169.4
01/16/2026,169.6
01/19/2026,170.0
01/20/2026,168.5
01/21/2026,170.5
01/22/2026,172.3
01/23/2026,172.2
01/26/2026,172.1
01/27/2026,172.9
01/28/2026,172.5
01/29/2026,172.1
01/30/2026,171.3
02/02/2026,170.8
02/03/2026,170.1
02/04/2026,171.1
02/05/2026,170.6
02/06/2026,169.9
02/09/2026,169.1
02/10/2026,167.1
02/11/2026,169.3
02/12/2026,170.1
02/13/2026,171.2
02/16/2026,170.4
02/17/2026,172.4
02/18/2026,172.5
02/19/2026,174.4
02/20/2026,174.1
02/23/2026,173.9
02/24/2026,172.9
02/25/2026,172.9
02/26/2026,173.0
02/27/2026,175.0
03/02/2026,176.9
03/03/2026,176.6
03/04/2026,178.0
03/05/2026,173.7
03/06/2026,172.9
03/09/2026,173.1
03/10/2026,174.1
03/11/2026,174.5
03/12/2026,174.2
03/13/2026,173.4
03/16/2026,172.1
03/17/2026,174.6
03/18/2026,175.9
03/19/2026,177.5
03/20/2026,177.1
03/23/2026,176.0
03/24/2026,176.4
03/25/2026,176.1
03/26/2026,175.6
03/27/2026,175.2
03/30/2026,174.1
03/31/2026,172.7
04/01/2026,172.2
04/02/2026,170.2
04/03/2026,171.0
04/06/2026,172.1
04/07/2026,170.9
04/08/2026,168.4
04/09/2026,169.0
04/10/2026,169.4
04/13/2026,169.4
04/14/2026,167.6
04/15/2026,165.2
04/16/2026,167.7
04/17/2026,167.5
04/20/2026,168.3
04/21/2026,168.3
04/22/2026,168.9
04/23/2026,167.3
04/24/2026,166.8
04/27/2026,165.1
04/28/2026,163.9
04/29/2026,163.3
04/30/2026,161.3
05/01/2026,161.1
05/04/2026,160.6
05/05/2026,159.5
05/06/2026,159.8
05/07/2026,160.3
05/08/2026,159.7
05/11/2026,162.7
05/12/2026,164.0
05/13/2026,165.8
05/14/2026,165.5
05/15/2026,166.9
05/18/2026,168.1
05/19/2026,166.8
05/20/2026,166.1
05/21/2026,170.2
05/22/2026,169.6
05/25/2026,170.3
05/26/2026,170.0
05/27/2026,171.1
05/28/2026,169.7
05/29/2026,168.3
06/01/2026,169.9
06/02/2026,170.2
06/03/2026,166.8
06/04/2026,167.0
06/05/2026,166.9
06/08/2026,168.0
06/09/2026,168.5
06/10/2026,169.1
06/11/2026,169.2
06/12/2026,169.7
06/15/2026,168.1
06/16/2026,167.1
06/17/2026,166.1
06/18/2026,164.5
06/19/2026,165.8
06/22/2026,167.5
06/23/2026,168.4
06/24/2026,167.7
06/25/2026,167.1
06/26/2026,166.6
06/29/2026,168.3
06/30/2026,169.1
07/01/2026,171.5
07/02/2026,170.1
07/03/2026,169.8
07/06/2026,168.1
07/07/2026,166.2
07/08/2026,166.2
07/09/2026,166.0
07/10/2026,165.5
07/13/2026,163.7
07/14/2026,164.2
07/15/2026,164.1
07/16/2026,165.6
07/17/2026,166.6
07/20/2026,165.0
07/21/2026,165.7
07/22/2026,165.2
07/23/2026,167.4
07/24/2026,167.5
07/27/2026,167.0
07/28/2026,166.6
07/29/2026,164.7
07/30/2026,166.7
07/31/2026,169.7
08/03/2026,167.3
08/04/2026,167.1
08/05/2026,167.1
08/06/2026,166.5
08/07/2026,168.3
08/10/2026,170.0
08/11/2026,169.7
08/12/2026,172.5
08/13/2026,172.4
08/14/2026,172.0
08/17/2026,172.3
08/18/2026,171.2
08/19/2026,173.1
08/20/2026,173.9
08/21/2026,173.2
08/24/2026,172.9
08/25/2026,171.6
08/26/2026,172.2
08/27/2026,170.4
08/28/2026,172.3
08/31/2026,171.8
09/01/2026,173.5
09/02/2026,174.9
09/03/2026,175.9
09/04/2026,175.6
09/07/2026,174.5
09/08/2026,174.1
09/09/2026,174.1
09/10/2026,175.0
09/11/2026,174.2
09/14/2026,173.4
09/15/2026,175.2
09/16/2026,177.1
09/17/2026,179.7
09/18/2026,180.6
09/21/2026,179.0
09/22/2026,180.8
09/23/2026,179.4
09/24/2026,178.1
09/25/2026,178.7
